id,collect_id,is_activity_charge,hide_in_normal_charge,avatar_name,spine_name,review_spine_name,avatar_icon_b,avatat_icon_dynamic,avatar_icon_review_b,avatar_icon_small,avatar_icon_small_review,is_advanced,avatar_quality,hero_cid,is_default,is_new_default,attribute,unlock_cond1,unlock_operation,unlock_cond2,ui_link,unlock_desc,is_show,audio_folder_name,audio_name,audio_random_count,need_show,scene_path,image_bg_path,attack_hide_spine_bg
101000999,0,0,0,Player,USER_MAIN_CZ,HL0,1000_CZ.png,,2039_0.png,1000_CZ.png,2039.png,0,3,1001|1002|1003,0,1,0,0,0,,111|1,Default,0,wu_jiang,hero_user_wu_jiang,3,1,,img_job_bg_1,0
101001000,0,0,0,Player,USER_MAIN0,HL0,1000_0.png,Psd_MR_002.prefab,2039_0.png,1000.png,2039.png,0,3,1001|1002|1003,1,0,0,0,0,,111|1,Default,0,wu_jiang,hero_user_wu_jiang,3,1,,img_job_bg_1,0
101001001,101,0,0,Swimsuit Party,USER_YZ1,HL0,1000_YZ1.png,,2039_0.png,1000_YZ1.png,2039.png,1,6,1001|1002|1003,0,0,3:1:100|3:22:500,2:3000056:1,0,,,Exchange,1,wu_jiang,hero_user_wu_jiang,3,1,,img_job_bg_1,0
101001100,0,0,0,Swimsuit Party,USER_MAIN_YZ1,HL0,1001_YZ1.png,,2039_0.png,,2039.png,0,6,1001|1002|1003,0,0,3:1:50,4,0,,,Glory Arena,0,wu_jiang,hero_user_wu_jiang,3,0,,img_job_bg_1,0
101002100,0,0,0,Swimsuit Party,USER_MAIN_YZ2,HL0,1002_YZ1.png,,2039_0.png,,2039.png,0,6,1001|1002|1003,0,0,3:1:50,4,0,,,Glory Arena,0,gong_jiang,hero_user_gong_jiang,3,0,,img_job_bg_1,0
101003100,0,0,0,Swimsuit Party,USER_MAIN_YZ3,HL0,1003_YZ1.png,,2039_0.png,,2039.png,0,6,1001|1002|1003,0,0,3:1:50,4,0,,,Glory Arena,0,mou_shi,hero_user_mou_shi,3,0,,img_job_bg_1,0
101001200,0,0,0,Halloween limited,USER_MAIN_WSJ1,HL0,1001_WSJ1.png,,2039_0.png,,2039.png,0,6,1001|1002|1003,0,0,3:2:50,2:3000030:1,0,,,Exchange,0,wu_jiang,hero_user_wu_jiang,3,0,,img_job_bg_1,0
101002200,0,0,0,Halloween limited,USER_MAIN_WSJ2,HL0,1002_WSJ1.png,,2039_0.png,,2039.png,0,6,1001|1002|1003,0,0,3:8:100,2:3000030:1,0,,,Exchange,0,gong_jiang,hero_user_gong_jiang,3,0,,img_job_bg_1,0
101003200,0,0,0,Halloween limited,USER_MAIN_WSJ3,HL0,1003_WSJ1.png,,2039_0.png,,2039.png,0,6,1001|1002|1003,0,0,3:1:50,2:3000030:1,0,,,Exchange,0,mou_shi,hero_user_mou_shi,3,0,,img_job_bg_1,0
101001300,0,0,0,Spring Festival,USER_CJ1,HL0,1000_CJ1.png,,2039_0.png,,2039.png,0,6,1001|1002|1003,0,0,3:1:100,2:3000038:1,0,,,Exchange,0,wu_jiang,hero_user_wu_jiang,3,0,,img_job_bg_1,0
101001400,103,0,0,Honor Limited (7 days),USER_YY0,HL0,1000_YY0.png,,2039_0.png,,2039.png,0,6,1001|1002|1003,0,0,3:1:100,2:5000004:1,0,,,Exchange,1,wu_jiang,hero_user_wu_jiang,3,1,,img_job_bg_1,0
101001500,102,0,0,Glory Wing,USER_UR,HL0,1000_UR.png,,2039_0.png,1000_UR.png,2039.png,1,6,1001|1002|1003,0,0,3:1:100|3:22:450,1:33,0,,,Awaken to UR,0,wu_jiang_ur,hero_user_wu_jiang,3,1,,img_job_bg_1,0
101001600,104,0,0,Sacred Palace,USER_HS,HL0,1000_HS.png,,2039_0.png,1000_HS.png,2039.png,1,6,1001|1002|1003,0,0,3:2:100|3:22:450,7,0,,,Vow to obtain,0,wu_jiang,hero_user_wu_jiang,3,1,,img_hunsha_bg,0
101001700,103,1,1,Idol Angel,USER_DGF,HL0,1000_DGF.png,,2039_0.png,1000_DGF.png,2039.png,1,6,1001|1002|1003,0,0,3:1:100|3:22:450,5:10002:10002,0,,,Limited Purchase,1,wu_jiang,hero_user_wu_jiang,3,1,,img_job_bg_1,0
101001800,103,1,0,Halloween limited,USER_WSJ2,HL0,1000_WSJ.png,,2039_0.png,1000_WSJ.png,2039.png,1,6,1001|1002|1003,0,0,3:1:100|3:22:450,5:10011:10012,0,,,Limited Purchase,1,wu_jiang,hero_user_wu_jiang,3,1,,img_job_bg_1,0
101001900,103,1,0,Xmas Honey,USER_SD,HL0,1000_SD.png,,2039_0.png,1000_SD.png,2039.png,1,6,1001|1002|1003,0,0,3:2:150|3:22:450,5:10017:10018,0,,,Limited Purchase,1,wu_jiang,hero_user_wu_jiang,3,1,,img_job_bg_1,0
101002000,103,1,0,Spring Festival Whisper,USER_CJXN,HL0,1000_CJ.png,,2039_0.png,1000_CJ.png,2039.png,1,6,1001|1002|1003,0,0,3:2:150|3:22:450,5:10019:10020,0,,,Limited Purchase,1,wu_jiang,hero_user_wu_jiang,3,1,,img_job_bg_1,0
101003000,103,1,0,Glory Angel,USER_ZDTS,HL0,1000_ZD.png,,2039_0.png,1000_ZD.png,2039.png,1,6,1001|1002|1003,0,0,3:2:150|3:22:450,5:10025:10026,0,,,Limited Purchase,1,wu_jiang,hero_user_wu_jiang,3,1,,img_job_bg_1,0
101003300,103,1,0,Harvest Blessings,USER_GEJ,HL0,1000_GEJ.png,,2039_0.png,1000_GEJ.png,2039.png,1,6,1001|1002|1003,0,0,3:1:100|3:22:450,5:10027:10028,0,,,Limited Purchase,1,wu_jiang,hero_user_wu_jiang,3,1,,img_job_bg_1,0
101003400,103,1,0,Christmas Messenger,USER_SDSZ,HL0,1000_SDSZ.png,,2039_0.png,1000_SDSZ.png,2039.png,1,6,1001|1002|1003,0,0,3:1:100|3:22:450,5:10029:10030,0,,,Limited Purchase,1,wu_jiang,hero_user_wu_jiang,3,1,,img_job_bg_1,0
101003500,103,1,0,Sprouting Spring,USER_CJXL,HL0,1000_CJXL.png,,2039_0.png,1000_CJXL.png,2039.png,1,6,1001|1002|1003,0,0,3:1:100|3:22:450,5:10031:10032,0,,,Limited Purchase,1,wu_jiang,hero_user_wu_jiang,3,1,,img_job_bg_1,0
101003600,103,1,0,Sparkling Romance,USER_SYLQ,HL0,1000_SYLQ.png,,2039_0.png,1000_SYLQ.png,2039.png,1,6,1001|1002|1003,0,0,3:1:100|3:22:450,5:10033:10034,0,,,Limited Purchase,1,wu_jiang,hero_user_wu_jiang,3,1,,img_job_bg_1,0
101003700,103,1,0,Halloween limited,USER_WSJ3,HL0,1000_WSJ3.png,,2039_0.png,1000_WSJ3.png,2039.png,1,6,1001|1002|1003,0,0,3:1:100|3:22:450,5:10045:10046,0,,,Limited Purchase,1,wu_jiang,hero_user_wu_jiang,3,1,,img_job_bg_1,0
101003800,103,1,0,Christmas Darling,USER_SD2023,HL0,1000_SD2023.png,,2039_0.png,1000_SD2023.png,2039.png,1,6,1001|1002|1003,0,0,3:1:100|3:22:450,5:10047:10048,0,,,Limited Purchase,1,wu_jiang,hero_user_wu_jiang,3,1,,img_job_bg_1,0
101003888,102,0,0,Radiant Reverie,USER_UR_PLUS,HL0,1000_UR_PLUS.png,,2039_0.png,1000_UR_PLUS.png,2039.png,1,6,1001|1002|1003,0,0,3:1:100|3:22:450,8,0,,,Wonder Waken,0,wu_jiang,hero_user_wu_jiang,3,1,,img_job_bg_1,1
100001000,0,0,0,Medusa,MDS_CZ,HL0,2001_CZ.png,,2039_0.png,2001_CZ.png,2039.png,0,2,2001,0,1,0,0,0,,111|1,Default,0,mds,hero_mds,4,1,RanShaoLianYu,img_job_bg_1,0
102001000,0,0,0,Medusa,MDS0,HL0,2001_0.png,,2039_0.png,2001.png,2039.png,0,2,2001,1,0,0,0,0,,111|1,Default,0,mds,hero_mds,4,1,RanShaoLianYu,img_job_bg_1,0
102001001,105,0,0,Medusa,MDS1,HL0,2001_1.png,,2039_0.png,2001_1.png,2039.png,0,4,2001,0,0,3:1:50|3:22:60,2:2000010:50,0,,,Exchange,0,mds,hero_mds,4,1,RanShaoLianYu,img_job_bg_1,0
102001002,105,0,0,Medusa,MDS2,HL0,2001_2.png,,2039_0.png,2001_2.png,2039.png,0,5,2001,0,0,3:1:70|3:22:90,2:2000011:40,0,,,Exchange,0,mds,hero_mds,4,1,RanShaoLianYu,img_job_bg_1,0
102001100,101,0,0,Swimsuit Party,MDS_YZ1,HL0,2001_YZ1.png,,2039_0.png,2001_YZ1.png,2039.png,1,5,2001,0,0,3:1:70|3:22:90,2:2000011:40,0,,,Exchange,1,mds,hero_mds,4,1,RanShaoLianYu,img_job_bg_1,0
100002000,0,0,0,Poseidon,BSD_CZ,HL0,2002_CZ.png,,2039_0.png,2002_CZ.png,2039.png,0,2,2002,0,1,0,0,0,,111|1,Default,0,bsd,hero_bsd,4,1,PanDuoLaShenMiao,img_job_bg_1,0
102002000,0,0,0,Poseidon,BSD0,HL0,2002_0.png,,2039_0.png,2002.png,2039.png,0,2,2002,1,0,0,0,0,,111|1,Default,0,bsd,hero_bsd,4,1,PanDuoLaShenMiao,img_job_bg_1,0
102002001,105,0,0,Poseidon,BSD1,HL0,2002_1.png,,2039_0.png,2002_1.png,2039.png,0,4,2002,0,0,3:1:50|3:22:60,2:2000010:50,0,,,Exchange,0,bsd,hero_bsd,4,1,PanDuoLaShenMiao,img_job_bg_1,0
102002002,105,0,0,Poseidon,BSD2,HL0,2002_2.png,,2039_0.png,2002_2.png,2039.png,0,5,2002,0,0,3:1:70|3:22:90,2:2000011:40,0,,,Exchange,0,bsd,hero_bsd,4,1,PanDuoLaShenMiao,img_job_bg_1,0
102002100,101,0,0,Swimsuit Party,BSD_YZ1,HL0,2002_YZ1.png,,2039_0.png,2002_YZ1.png,2039.png,1,5,2002,0,0,3:1:70|3:22:90,2:2000011:40,0,,,Exchange,1,bsd,hero_bsd,4,1,PanDuoLaShenMiao,img_job_bg_1,0
100003000,0,0,0,Jeanne d'Arc,LXF_CZ,HL0,2003_CZ.png,,2039_0.png,2003_CZ.png,2039.png,0,2,2003,0,1,0,0,0,,111|1,Default,0,lxf,hero_lxf,4,1,RanShaoLianYu,img_job_bg_1,0
102003000,0,0,0,Jeanne d'Arc,LXF0,HL0,2003_0.png,,2039_0.png,2003.png,2039.png,0,2,2003,1,0,0,0,0,,111|1,Default,0,lxf,hero_lxf,4,1,RanShaoLianYu,img_job_bg_1,0
102003001,105,0,0,Jeanne d'Arc,LXF1,HL0,2003_1.png,,2039_0.png,2003_1.png,2039.png,0,4,2003,0,0,3:1:50|3:22:60,2:2000010:50,0,,,Exchange,0,lxf,hero_lxf,4,1,RanShaoLianYu,img_job_bg_1,0
102003002,105,0,0,Jeanne d'Arc,LXF2,HL0,2003_2.png,,2039_0.png,2003_2.png,2039.png,0,5,2003,0,0,3:1:70|3:22:90,2:2000011:40,0,,,Exchange,0,lxf,hero_lxf,4,1,RanShaoLianYu,img_job_bg_1,0
102003100,101,0,0,Swimsuit Party,LXF_YZ1,HL0,2003_YZ1.png,,2039_0.png,2003_YZ1.png,2039.png,1,5,2003,0,0,3:1:70|3:22:90,2:2000011:40,0,,,Exchange,1,lxf,hero_lxf,4,1,RanShaoLianYu,img_job_bg_1,0
100004000,0,0,0,Siren,Y_CZ,HL0,2004_CZ.png,,2039_0.png,2004_CZ.png,2039.png,0,2,2004,0,1,0,0,0,,111|1,Default,0,y,hero_y,4,1,PanDuoLaShenMiao,img_job_bg_1,0
102004000,0,0,0,Siren,Y0,HL0,2004_0.png,,2039_0.png,2004.png,2039.png,0,2,2004,1,0,0,0,0,,111|1,Default,0,y,hero_y,4,1,PanDuoLaShenMiao,img_job_bg_1,0
102004001,105,0,0,Siren,Y1,HL0,2004_1.png,,2039_0.png,2004_1.png,2039.png,0,4,2004,0,0,3:1:50|3:22:60,2:2000010:50,0,,,Exchange,0,y,hero_y,4,1,PanDuoLaShenMiao,img_job_bg_1,0
102004002,105,0,0,Siren,Y2,HL0,2004_2.png,,2039_0.png,2004_2.png,2039.png,0,5,2004,0,0,3:1:70|3:22:90,2:2000011:40,0,,,Exchange,1,y,hero_y,4,1,PanDuoLaShenMiao,img_job_bg_1,0
100005000,0,0,0,Nephthys,NFDS_CZ,HL0,2005_CZ.png,,2039_0.png,2005_CZ.png,2039.png,0,2,2005,0,1,0,0,0,,111|1,Default,0,nfds,hero_nfds,4,1,MuShiYongDao,img_job_bg_1,0
102005000,0,0,0,Nephthys,NFDS0,HL0,2005_0.png,,2039_0.png,2005.png,2039.png,0,2,2005,1,0,0,0,0,,111|1,Default,0,nfds,hero_nfds,4,1,MuShiYongDao,img_job_bg_1,0
102005001,105,0,0,Nephthys,NFDS1,HL0,2005_1.png,,2039_0.png,2005_1.png,2039.png,0,3,2005,0,0,3:1:30|3:22:30,2:2000009:60,0,,,Exchange,0,nfds,hero_nfds,4,1,MuShiYongDao,img_job_bg_1,0
102005002,105,0,0,Nephthys,NFDS2,HL0,2005_2.png,,2039_0.png,2005_2.png,2039.png,0,4,2005,0,0,3:1:50|3:22:60,2:2000010:50,0,,,Exchange,0,nfds,hero_nfds,4,1,MuShiYongDao,img_job_bg_1,0
102005100,101,0,0,Swimsuit Party,NFDS_YZ1,HL0,2005_YZ1.png,,2039_0.png,2005_YZ1.png,2039.png,1,4,2005,0,0,3:1:50|3:22:60,2:2000010:50,0,,,Exchange,1,nfds,hero_nfds,4,1,MuShiYongDao,img_job_bg_1,0
100006000,0,0,0,Tsukuyomi,YYJZ_CZ,HL0,2006_CZ.png,,2039_0.png,2006_CZ.png,2039.png,0,2,2006,0,1,0,0,0,,111|1,Default,0,realyyjz,hero_realyyjz,4,1,YueDuShenShe,img_job_bg_1,0
102006000,0,0,0,Tsukuyomi,YYJZ0,HL0,2006_0.png,,2039_0.png,2006.png,2039.png,0,2,2006,1,0,0,0,0,,111|1,Default,0,realyyjz,hero_realyyjz,4,1,YueDuShenShe,img_job_bg_1,0
102006001,105,0,0,Tsukuyomi,YYJZ1,HL0,2006_1.png,,2039_0.png,2006_1.png,2039.png,0,2,2006,0,0,3:1:10|3:22:10,2:2000009:20,0,,,Exchange,0,realyyjz,hero_realyyjz,4,1,YueDuShenShe,img_job_bg_1,0
102006002,105,0,0,Tsukuyomi,YYJZ2,HL0,2006_2.png,,2039_0.png,2006_2.png,2039.png,0,3,2006,0,0,3:1:30|3:22:30,2:2000009:60,0,,,Exchange,1,realyyjz,hero_realyyjz,4,1,YueDuShenShe,img_job_bg_1,0
100007000,0,0,0,Ungnyeo,XN_CZ,R1,2007_CZ.png,,2037_1.png,2007_CZ.png,2037_1.png,0,2,2007,0,1,0,0,0,,111|1,Default,0,xn,hero_xn,4,1,ShenNvQiSuo,img_job_bg_1,0
102007000,0,0,0,Ungnyeo,XN0,R1,2007_0.png,,2037_1.png,2007.png,2037_1.png,0,2,2007,1,0,0,0,0,,111|1,Default,0,xn,hero_xn,4,1,ShenNvQiSuo,img_job_bg_1,0
102007001,105,0,0,Ungnyeo,XN1,R1,2007_1.png,,2037_1.png,2007_1.png,2037_1.png,0,2,2007,0,0,3:1:10|3:22:10,2:2000009:20,0,,,Exchange,0,xn,hero_xn,4,1,ShenNvQiSuo,img_job_bg_1,0
102007002,105,0,0,Ungnyeo,XN2,R1,2007_2.png,,2037_1.png,2007_2.png,2037_1.png,0,3,2007,0,0,3:1:30|3:22:30,2:2000009:60,0,,,Exchange,1,xn,hero_xn,4,1,ShenNvQiSuo,img_job_bg_1,0
100008000,0,0,0,Shennong,SN_CZ,R1,2008_CZ.png,,2037_1.png,2008_CZ.png,2037_1.png,0,2,2008,0,1,0,0,0,,111|1,Default,0,sn,hero_sn,4,1,KunLunTianGong,img_job_bg_1,0
102008000,0,0,0,Shennong,SN0,R1,2008_0.png,,2037_1.png,2008.png,2037_1.png,0,2,2008,1,0,0,0,0,,111|1,Default,0,sn,hero_sn,4,1,KunLunTianGong,img_job_bg_1,0
102008001,105,0,0,Shennong,SN1,R1,2008_1.png,,2037_1.png,2008_1.png,2037_1.png,0,3,2008,0,0,3:1:30|3:22:30,2:2000009:60,0,,,Exchange,0,sn,hero_sn,4,1,KunLunTianGong,img_job_bg_1,0
102008002,105,0,0,Shennong,SN2,R1,2008_2.png,,2037_1.png,2008_2.png,2037_1.png,0,4,2008,0,0,3:1:50|3:22:60,2:2000010:50,0,,,Exchange,1,sn,hero_sn,4,1,KunLunTianGong,img_job_bg_1,0
100009000,0,0,0,Geb,GB_CZ,SDNS0,2009_CZ.png,,2042_0.png,2009_CZ.png,2042.png,0,2,2009,0,1,0,0,0,,111|1,Default,0,gb,hero_gb,4,1,DaJinZiTa,img_job_bg_1,0
102009000,0,0,0,Geb,GB0,SDNS0,2009_0.png,,2042_0.png,2009.png,2042.png,0,2,2009,1,0,0,0,0,,111|1,Default,0,gb,hero_gb,4,1,DaJinZiTa,img_job_bg_1,0
102009001,105,0,0,Geb,GB1,SDNS0,2009_1.png,,2042_0.png,2009_1.png,2042.png,0,3,2009,0,0,3:1:30|3:22:30,2:2000009:60,0,,,Exchange,0,gb,hero_gb,4,1,DaJinZiTa,img_job_bg_1,0
102009002,105,0,0,Geb,GB2,SDNS0,2009_2.png,,2042_0.png,2009_2.png,2042.png,0,4,2009,0,0,3:1:50|3:22:60,2:2000010:50,0,,,Exchange,0,gb,hero_gb,4,1,DaJinZiTa,img_job_bg_1,0
102009100,101,0,0,Swimsuit Party,GB_YZ1,SDNS0,2009_YZ1.png,,2042_0.png,2009_YZ1.png,2042.png,1,4,2009,0,0,3:1:50|3:22:60,2:2000010:50,0,,,Exchange,1,gb,hero_gb,4,1,DaJinZiTa,img_job_bg_1,0
100010000,0,0,0,Lilith,NBLS_CZ,SDNS0,2010_CZ.png,,2042_0.png,2010_CZ.png,2042.png,0,2,2010,0,1,0,0,0,,111|1,Default,0,nbls,hero_nbls,4,1,DaJinZiTa,img_job_bg_1,0
102010000,0,0,0,Lilith,NBLS0,SDNS0,2010_0.png,,2042_0.png,2010.png,2042.png,0,2,2010,1,0,0,0,0,,111|1,Default,0,nbls,hero_nbls,4,1,DaJinZiTa,img_job_bg_1,0
102010001,105,0,0,Lilith,NBLS1,SDNS0,2010_1.png,,2042_0.png,2010_1.png,2042.png,0,4,2010,0,0,3:1:50|3:22:60,2:2000010:50,0,,,Exchange,0,nbls,hero_nbls,4,1,DaJinZiTa,img_job_bg_1,0
102010100,101,0,0,Swimsuit Party,NBLS_YZ1,SDNS0,2010_YZ1.png,,2042_0.png,2010_YZ1.png,2042.png,1,4,2010,0,0,3:1:50|3:22:60,2:2000010:50,0,,,Exchange,1,nbls,hero_nbls,4,1,DaJinZiTa,img_job_bg_1,0
100011000,0,0,0,Nuit,NT_CZ,SDNS0,2011_CZ.png,,2042_0.png,2011_CZ.png,2042.png,0,2,2011,0,1,0,0,0,,111|1,Default,0,nt,hero_nt,4,1,DaJinZiTa,img_job_bg_1,0
102011000,0,0,0,Nuit,NT0,SDNS0,2011_0.png,,2042_0.png,2011.png,2042.png,0,2,2011,1,0,0,0,0,,111|1,Default,0,nt,hero_nt,4,1,DaJinZiTa,img_job_bg_1,0
102011001,105,0,0,Nuit,NT1,SDNS0,2011_1.png,,2042_0.png,2011_1.png,2042.png,0,4,2011,0,0,3:1:50|3:22:60,2:2000010:50,0,,,Exchange,0,nt,hero_nt,4,1,DaJinZiTa,img_job_bg_1,0
102011002,105,0,0,Nuit,NT2,SDNS0,2011_2.png,,2042_0.png,2011_2.png,2042.png,0,5,2011,0,0,3:1:70|3:22:90,2:2000011:40,0,,,Exchange,0,nt,hero_nt,4,1,DaJinZiTa,img_job_bg_1,0
102011100,101,0,0,Swimsuit Party,NT_YZ1,SDNS0,2011_YZ1.png,,2042_0.png,2011_YZ1.png,2042.png,1,5,2011,0,0,3:1:70|3:22:90,2:2000011:40,0,,,Exchange,1,nt,hero_nt,4,1,DaJinZiTa,img_job_bg_1,0
100012000,0,0,0,Gaia,GY_CZ,ERBS0,2012_CZ.png,,2031_0.png,2012_CZ.png,2031.png,0,2,2012,0,1,0,0,0,,111|1,Default,0,gy,hero_gy,4,1,ShenYuanZhiLv,img_job_bg_1,0
102012000,0,0,0,Gaia,GY0,ERBS0,2012_0.png,,2031_0.png,2012.png,2031.png,0,2,2012,1,0,0,0,0,,111|1,Default,0,gy,hero_gy,4,1,ShenYuanZhiLv,img_job_bg_1,0
102012001,105,0,0,Gaia,GY1,ERBS0,2012_1.png,,2031_0.png,2012_1.png,2031.png,0,5,2012,0,0,3:1:70|3:22:90,2:2000011:40,0,,,Exchange,0,gy,hero_gy,4,1,ShenYuanZhiLv,img_job_bg_1,0
102012002,103,1,0,Origin of Earth,GY2,ERBS0,2012_2.png,,2031_0.png,2012_2.png,2031.png,1,6,2012,0,0,3:1:100|3:22:450,5:10007:10039,0,,,Buy,1,gy,hero_gy,4,1,,img_haitan_bg,0
102012100,101,0,0,Swimsuit Party,GY_YZ1,ERBS0,2012_YZ1.png,,2031_0.png,2012_YZ1.png,2031.png,1,6,2012,0,0,3:1:100|3:22:450,2:3000031:1,0,,,Exchange,1,gy,hero_gy,4,1,,img_haitan_bg,0
100013000,0,0,0,Pandora,PDL_CZ,AD0,2013_CZ.png,,2035_0.png,2013_CZ.png,2035.png,0,2,2013,0,1,0,0,0,,111|1,Default,0,pdl,hero_pdl,4,1,PanDuoLaShenMiao,img_job_bg_1,0
102013000,0,0,0,Pandora,PDL0,AD0,2013_0.png,,2035_0.png,2013.png,2035.png,0,2,2013,1,0,0,0,0,,111|1,Default,0,pdl,hero_pdl,4,1,PanDuoLaShenMiao,img_job_bg_1,0
102013001,105,0,0,Pandora,PDL1,AD0,2013_1.png,,2035_0.png,2013_1.png,2035.png,0,4,2013,0,0,3:1:50|3:22:60,2:2000010:50,0,,,Exchange,0,pdl,hero_pdl,4,1,PanDuoLaShenMiao,img_job_bg_1,0
102013002,105,0,0,Pandora,PDL2,AD0,2013_2.png,,2035_0.png,2013_2.png,2035.png,0,5,2013,0,0,3:1:70|3:22:90,2:2000011:40,0,,,Exchange,0,pdl,hero_pdl,4,1,PanDuoLaShenMiao,img_job_bg_1,0
102013100,101,0,0,Swimsuit Party,PDL_YZ1,AD0,2013_YZ1.png,,2035_0.png,2013_YZ1.png,2035.png,1,5,2013,0,0,3:1:70|3:22:90,2:2000011:40,0,,,Exchange,1,pdl,hero_pdl,4,1,PanDuoLaShenMiao,img_job_bg_1,0
100014000,0,0,0,Nike,NK_CZ,MJL0,2014_CZ.png,,2052_0.png,2014_CZ.png,2052.png,0,2,2014,0,1,0,0,0,,111|1,Default,0,nk,hero_nk,4,1,ASiJiaDe,img_job_bg_1,0
102014000,0,0,0,Nike,NK0,MJL0,2014_0.png,,2052_0.png,2014.png,2052.png,0,2,2014,1,0,0,0,0,,111|1,Default,0,nk,hero_nk,4,1,ASiJiaDe,img_job_bg_1,0
102014001,105,0,0,Nike,NK1,MJL0,2014_1.png,,2052_0.png,2014_1.png,2052.png,0,4,2014,0,0,3:1:50|3:22:60,2:2000010:50,0,,,Exchange,0,nk,hero_nk,4,1,ASiJiaDe,img_job_bg_1,0
102014002,105,0,0,Nike,NK2,MJL0,2014_2.png,,2052_0.png,2014_2.png,2052.png,0,5,2014,0,0,3:1:70|3:22:90,2:2000011:40,0,,,Exchange,1,nk,hero_nk,4,1,ASiJiaDe,img_job_bg_1,0
100015000,0,0,0,Idun,YD_CZ,YD0,2015_CZ.png,,2015_0.png,2015_CZ.png,2015.png,0,2,2015,0,1,0,0,0,,111|1,Default,0,yd,hero_yd,4,1,ASiJiaDe,img_job_bg_1,0
102015000,0,0,0,Idun,YD0,YD0,2015_0.png,,2015_0.png,2015.png,2015.png,0,2,2015,1,0,0,0,0,,111|1,Default,0,yd,hero_yd,4,1,ASiJiaDe,img_job_bg_1,0
102015001,105,0,0,Idun,YD1,YD0,2015_1.png,,2015_0.png,2015_1.png,2015.png,0,4,2015,0,0,3:1:50|3:22:60,2:2000010:50,0,,,Exchange,0,yd,hero_yd,4,1,ASiJiaDe,img_job_bg_1,0
102015002,105,0,0,Idun,YD2,YD0,2015_2.png,,2015_0.png,2015_2.png,2015.png,0,5,2015,0,0,3:1:70|3:22:90,2:2000011:40,0,,,Exchange,0,yd,hero_yd,4,1,ASiJiaDe,img_job_bg_1,0
102015100,101,0,0,Swimsuit Party,YD_YZ1,YD0,2015_YZ1.png,,2015_0.png,2015_YZ1.png,2015.png,1,6,2015,0,0,3:1:70|3:22:90,2:2000011:40,0,,,Exchange,1,yd,hero_yd,4,1,ASiJiaDe,img_job_bg_1,0
100016000,0,0,0,Valkyrie,WEJL_CZ,YD0,2016_CZ.png,,2015_0.png,2016_CZ.png,2015.png,0,2,2016,0,1,0,0,0,,111|1,Default,0,wejl,hero_wejl,4,1,ASiJiaDe,img_job_bg_1,0
102016000,0,0,0,Valkyrie,WEJL0,YD0,2016_0.png,,2015_0.png,2016.png,2015.png,0,2,2016,1,0,0,0,0,,111|1,Default,0,wejl,hero_wejl,4,1,ASiJiaDe,img_job_bg_1,0
102016001,105,0,0,Valkyrie,WEJL1,YD0,2016_0.png,,2015_0.png,2016_1.png,2015.png,0,5,2016,0,0,3:1:70|3:22:90,2:2000011:40,0,,,Exchange,0,wejl,hero_wejl,4,1,ASiJiaDe,img_job_bg_1,0
102016002,103,0,0,Valkyrie,WEJL2,YD0,2016_2.png,,2015_0.png,2016_2.png,2015.png,0,6,2016,0,0,3:1:100|3:22:450,2:3000031:1,0,,,Exchange,1,wejl,hero_wejl,4,1,ASiJiaDe,img_job_bg_1,0
102016003,101,0,0,Swimsuit Party,WEJL_YZ1,YD0,2016_YZ1.png,,2015_0.png,2016_YZ1.png,2015.png,1,6,2016,0,0,3:1:100|3:22:450,2:3000078:1,0,,,Exchange,1,wejl,hero_wejl,4,1,ASiJiaDe,img_job_bg_1,0
100017000,0,0,0,Raphael,LFE_CZ,ZRNZ_YS1,2017_CZ.png,,2054_YS1.png,2017_CZ.png,2054_YS1.png,0,2,2017,0,1,0,0,0,,111|1,Default,0,lfe,hero_lfe,4,1,ShenZhiXiaGu,img_job_bg_1,0
102017000,0,0,0,Raphael,LFE0,ZRNZ_YS1,2017_0.png,,2054_YS1.png,2017.png,2054_YS1.png,0,2,2017,1,0,0,0,0,,111|1,Default,0,lfe,hero_lfe,4,1,ShenZhiXiaGu,img_job_bg_1,0
102017001,105,0,0,Raphael,LFE1,ZRNZ_YS1,2017_1.png,,2054_YS1.png,2017_1.png,2054_YS1.png,0,3,2017,0,0,3:1:30|3:22:30,2:2000009:60,0,,,Exchange,0,lfe,hero_lfe,4,1,ShenZhiXiaGu,img_job_bg_1,0
102017002,105,0,0,Raphael,LFE2,ZRNZ_YS1,2017_2.png,,2054_YS1.png,2017_2.png,2054_YS1.png,0,4,2017,0,0,3:1:50|3:22:60,2:2000010:50,0,,,Exchange,1,lfe,hero_lfe,4,1,ShenZhiXiaGu,img_job_bg_1,0
100018000,0,0,0,Minotaur,MNTLS_CZ,BMH_HS_SH,2018_CZ.png,,2053_UR_PLUS_SH.png,2018_CZ.png,2053_UR_PLUS_SH.png,0,2,2018,0,1,0,0,0,,111|1,Default,0,mntls,hero_mntls,4,1,RanShaoLianYu,img_job_bg_1,0
102018000,0,0,0,Minotaur,MNTLS0,BMH_HS_SH,2018_0.png,,2053_UR_PLUS_SH.png,2018.png,2053_UR_PLUS_SH.png,0,2,2018,1,0,0,0,0,,111|1,Default,0,mntls,hero_mntls,4,1,RanShaoLianYu,img_job_bg_1,0
102018001,105,0,0,Minotaur,MNTLS1,BMH_HS_SH,2018_1.png,,2053_UR_PLUS_SH.png,2018_1.png,2053_UR_PLUS_SH.png,0,2,2018,0,0,3:1:10|3:22:10,2:2000009:20,0,,,Exchange,0,mntls,hero_mntls,4,1,RanShaoLianYu,img_job_bg_1,0
102018002,105,0,0,Minotaur,MNTLS2,BMH_HS_SH,2018_2.png,,2053_UR_PLUS_SH.png,2018_2.png,2053_UR_PLUS_SH.png,0,3,2018,0,0,3:1:30|3:22:30,2:2000009:60,0,,,Exchange,1,mntls,hero_mntls,4,1,RanShaoLianYu,img_job_bg_1,0
100019000,0,0,0,Nemesis,NMXS_CZ,MJZ0,2019_CZ.png,,2071_0.png,2019_CZ.png,2071.png,0,2,2019,0,1,0,0,0,,111|1,Default,0,nmxs,hero_nmxs,4,1,RanShaoLianYu,img_job_bg_1,0
102019000,0,0,0,Nemesis,NMXS0,MJZ0,2019_0.png,,2071_0.png,2019.png,2071.png,0,2,2019,1,0,0,0,0,,111|1,Default,0,nmxs,hero_nmxs,4,1,RanShaoLianYu,img_job_bg_1,0
102019001,105,0,0,Nemesis,NMXS1,MJZ0,2019_1.png,,2071_0.png,2019_1.png,2071.png,0,4,2019,0,0,3:1:50|3:22:60,2:2000010:50,0,,,Exchange,0,nmxs,hero_nmxs,4,1,RanShaoLianYu,img_job_bg_1,0
102019002,105,0,0,Nemesis,NMXS2,MJZ0,2019_2.png,,2071_0.png,2019_2.png,2071.png,0,5,2019,0,0,3:1:70|3:22:90,2:2000011:40,0,,,Exchange,1,nmxs,hero_nmxs,4,1,RanShaoLianYu,img_job_bg_1,0
102019100,101,1,0,Swimsuit Party,NMXS_YZ,MJZ0,2019_YZ1.png,,2071_0.png,2019_YZ1.png,2071.png,1,6,2019,0,0,3:1:100|3:22:450,5:10006:10038,0,,,Buy,1,nmxs,hero_nmxs,4,1,,img_haitan_bg,0
100020000,0,0,0,Muse,MS_CZ,LB_UR_SH,2020_CZ.png,,2055_UR_SH.png,2020_CZ.png,2055_UR_SH.png,0,2,2020,0,1,0,0,0,,111|1,Default,0,ms,hero_ms,4,1,RanShaoLianYu,img_job_bg_1,0
102020000,0,0,0,Muse,MS0,LB_UR_SH,2020_0.png,,2055_UR_SH.png,2020.png,2055_UR_SH.png,0,2,2020,1,0,0,0,0,,111|1,Default,0,ms,hero_ms,4,1,RanShaoLianYu,img_job_bg_1,0
102020001,105,0,0,Muse,MS1,LB_UR_SH,2020_1.png,,2055_UR_SH.png,2020_1.png,2055_UR_SH.png,0,2,2020,0,0,3:1:10|3:22:10,2:2000009:20,0,,,Exchange,0,ms,hero_ms,4,1,RanShaoLianYu,img_job_bg_1,0
102020002,105,0,0,Muse,MS2,LB_UR_SH,2020_2.png,,2055_UR_SH.png,2020_2.png,2055_UR_SH.png,0,3,2020,0,0,3:1:30|3:22:30,2:2000009:60,0,,,Exchange,0,ms,hero_ms,4,1,RanShaoLianYu,img_job_bg_1,0
102020100,101,0,0,Swimsuit Party,MS_YZ1,LB_UR_SH,2020_YZ1.png,,2055_UR_SH.png,2020_YZ1.png,2055_UR_SH.png,1,3,2020,0,0,3:1:30|3:22:30,2:2000009:60,0,,,Exchange,1,ms,hero_ms,4,1,RanShaoLianYu,img_job_bg_1,0
100021000,0,0,0,Iris,YXS_CZ,YXS0,2021_CZ.png,,2021_0.png,2021_CZ.png,2021.png,0,2,2021,0,1,0,0,0,,111|1,Default,0,yxs,hero_yxs,4,1,PanDuoLaShenMiao,img_job_bg_1,0
102021000,0,0,0,Iris,YXS0,YXS0,2021_0.png,,2021_0.png,2021.png,2021.png,0,2,2021,1,0,0,0,0,,111|1,Default,0,yxs,hero_yxs,4,1,PanDuoLaShenMiao,img_job_bg_1,0
102021001,105,0,0,Iris,YXS1,YXS0,2021_1.png,,2021_0.png,2021_1.png,2021.png,0,3,2021,0,0,3:1:30|3:22:30,2:2000009:60,0,,,Exchange,0,yxs,hero_yxs,4,1,PanDuoLaShenMiao,img_job_bg_1,0
102021002,105,0,0,Iris,YXS2,YXS0,2021_2.png,,2021_0.png,2021_2.png,2021.png,0,4,2021,0,0,3:1:50|3:22:60,2:2000010:50,0,,,Exchange,1,yxs,hero_yxs,4,1,PanDuoLaShenMiao,img_job_bg_1,0
100022000,0,0,0,Belldandy,BLDD_CZ,CE0,2022_CZ.png,,2067_0.png,2022_CZ.png,2067.png,0,2,2022,0,1,0,0,0,,111|1,Default,0,bldd,hero_bldd,4,1,,img_job_bg_1,0
102022000,0,0,0,Belldandy,BLDD0,CE0,2022_0.png,,2067_0.png,2022.png,2067.png,0,2,2022,1,0,0,0,0,,111|1,Default,0,bldd,hero_bldd,4,1,,img_job_bg_1,0
102022001,105,0,0,Belldandy,BLDD2,CE0,2022_2.png,,2067_0.png,2022_2.png,2067.png,0,3,2022,0,0,3:1:30|3:22:30,2:2000009:60,0,,,Exchange,0,bldd,hero_bldd,4,1,,img_job_bg_1,0
102022002,105,0,0,Belldandy,BLDD1,CE0,2022_1.png,,2067_0.png,2022_1.png,2067.png,0,4,2022,0,0,3:1:50|3:22:60,2:2000010:50,0,,,Exchange,1,bldd,hero_bldd,4,1,,img_job_bg_1,0
100023000,0,0,0,Sif,XF_CZ,USER_SDSZ_SH,2023_CZ.png,,1000_SDSZ_SH.png,2023_CZ.png,1000_SDSZ_SH.png,0,2,2023,0,1,0,0,0,,111|1,Default,0,xf,hero_xf,4,1,ASiJiaDe,img_job_bg_1,0
102023000,0,0,0,Sif,XF0,USER_SDSZ_SH,2023_0.png,,1000_SDSZ_SH.png,2023.png,1000_SDSZ_SH.png,0,2,2023,1,0,0,0,0,,111|1,Default,0,xf,hero_xf,4,1,ASiJiaDe,img_job_bg_1,0
102023001,105,0,0,Sif,XF1,USER_SDSZ_SH,2023_1.png,,1000_SDSZ_SH.png,2023_1.png,1000_SDSZ_SH.png,0,2,2023,0,0,3:1:30|3:22:30,2:2000009:60,0,,,Exchange,0,xf,hero_xf,4,1,ASiJiaDe,img_job_bg_1,0
102023002,103,0,0,Sif,XF2,USER_SDSZ_SH,2023_2.png,,1000_SDSZ_SH.png,2023_2.png,1000_SDSZ_SH.png,0,3,2023,0,0,3:1:50|3:22:60,2:2000010:50,0,,,Exchange,0,xf,hero_xf,4,1,ASiJiaDe,img_job_bg_1,0
102023100,101,0,0,Swimsuit Party,XF_YZ1,USER_SDSZ_SH,2023_YZ1.png,,1000_SDSZ_SH.png,2023_YZ1.png,1000_SDSZ_SH.png,1,4,2023,0,0,3:1:50|3:22:60,2:2000010:50,0,,,Exchange,1,xf,hero_xf,4,1,ASiJiaDe,img_job_bg_1,0
100024000,0,0,0,Lucifer,LLS_CZ,USER_GEJ_SH,2024_CZ.png,,1000_GEJ_SH.png,2024_CZ.png,1000_GEJ_SH.png,0,2,2024,0,1,0,0,0,,111|1,Default,0,lls,hero_lls,4,1,XueChengBao,img_job_bg_1,0
102024000,0,0,0,Lucifer,LLS0,USER_GEJ_SH,2024_0.png,,1000_GEJ_SH.png,2024.png,1000_GEJ_SH.png,0,2,2024,1,0,0,0,0,,111|1,Default,0,lls,hero_lls,4,1,XueChengBao,img_job_bg_1,0
102024001,105,0,0,Lucifer,LLS1,USER_GEJ_SH,2024_1.png,,1000_GEJ_SH.png,2024_1.png,1000_GEJ_SH.png,0,4,2024,0,0,3:1:50|3:22:60,2:2000010:50,0,,,Exchange,0,lls,hero_lls,4,1,XueChengBao,img_job_bg_1,0
102024002,103,0,0,Lucifer,LLS2,USER_GEJ_SH,2024_2.png,,1000_GEJ_SH.png,2024_2.png,1000_GEJ_SH.png,0,5,2024,0,0,3:1:70|3:22:90,2:2000011:40,0,,,Exchange,0,lls,hero_lls,4,1,XueChengBao,img_job_bg_1,0
102024100,101,0,0,Swimsuit Party,LLS_YZ1,USER_GEJ_SH,2024_YZ1.png,,1000_GEJ_SH.png,2024_YZ1.png,1000_GEJ_SH.png,1,6,2024,0,0,3:1:70|3:22:90,2:2000011:40,0,,,Exchange,1,lls,hero_lls,4,1,XueChengBao,img_job_bg_1,0
100025000,0,0,0,Nuwa,LHFR_CZ,LHFR0,2025_CZ.png,,2025_0.png,2025_CZ.png,2025.png,0,2,2025,0,1,0,0,0,,111|1,Default,0,lhfr_yn,hero_lhfr,4,1,NvWaQinGong,img_job_bg_1,0
102025000,0,0,0,Nuwa,LHFR0,LHFR0,2025_0.png,,2025_0.png,2025.png,2025.png,0,2,2025,1,0,0,0,0,,111|1,Default,0,lhfr_yn,hero_lhfr,4,1,NvWaQinGong,img_job_bg_1,0
102025001,105,0,0,Nuwa,LHFR1,LHFR0,2025_1.png,,2025_0.png,2025_1.png,2025.png,0,3,2025,0,0,3:1:30|3:22:30,2:2000009:60,0,,,Exchange,0,lhfr_yn,hero_lhfr,4,1,NvWaQinGong,img_job_bg_1,0
102025002,105,0,0,Nuwa,LHFR2,LHFR0,2025_2.png,,2025_0.png,2025_2.png,2025.png,0,4,2025,0,0,3:1:50|3:22:60,2:2000010:50,0,,,Exchange,0,lhfr_yn,hero_lhfr,4,1,NvWaQinGong,img_job_bg_1,0
102025003,103,0,0,Nuwa,LHFR3,LHFR0,2025_3.png,,2025_0.png,2025_3.png,2025.png,1,5,2025,0,0,3:1:70|3:22:90,2:2000011:40,0,,,Exchange,0,lhfr,hero_lhfr,4,1,NvWaQinGong,img_job_bg_1,0
102025004,103,0,0,Nuwa,LHFR4,LHFR0,2025_4.png,,2025_0.png,2025_4.png,2025.png,1,6,2025,0,0,3:1:100|3:22:450,2:3000031:1,0,,,Exchange,1,lhfr,hero_lhfr,4,1,NvWaQinGong,img_job_bg_1,0
102025100,101,1,0,Swimsuit Party,LHFR_YZ1,LHFR0,2025_YZ1.png,,2025_0.png,2025_YZ1.png,2025.png,1,6,2025,0,0,3:1:100|3:22:450,5:10005:10037,0,,,Buy,1,lhfr,hero_lhfr,4,1,,img_haitan_bg,0
100026000,0,0,0,Fuxi,FX_CZ,USER_HF,2026_CZ.png,,1000_HF1.png,2026_CZ.png,1000_HF1.png,0,2,2026,0,1,0,0,0,,111|1,Default,0,fx,hero_fx,4,1,KunLunTianGong,img_job_bg_1,0
102026000,0,0,0,Fuxi,FX0,USER_HF,2026_0.png,,1000_HF1.png,2026.png,1000_HF1.png,0,2,2026,1,0,0,0,0,,111|1,Default,0,fx,hero_fx,4,1,KunLunTianGong,img_job_bg_1,0
102026001,105,0,0,Fuxi,FX1,USER_HF,2026_1.png,,1000_HF1.png,2026_1.png,1000_HF1.png,0,4,2026,0,0,3:1:50|3:22:60,2:2000010:50,0,,,Exchange,0,fx,hero_fx,4,1,KunLunTianGong,img_job_bg_1,0
102026002,103,0,0,Fuxi,FX2,USER_HF,2026_2.png,,1000_HF1.png,2026_2.png,1000_HF1.png,0,5,2026,0,0,3:1:70|3:22:90,2:2000011:40,0,,,Exchange,1,fx,hero_fx,4,1,KunLunTianGong,img_job_bg_1,0
102026100,101,1,0,Swimsuit Party,FX_YZ,USER_HF,2026_YZ1.png,,1000_0.png,2026_YZ1.png,1000.png,1,6,2026,0,0,3:1:70|3:22:90,5:10003:10035,0,,,Buy,1,fx,hero_fx,4,1,KunLunTianGong,img_haitan_bg,0
100027000,0,0,0,Xiwangmu,XWM_CZ,SYZ0,2027_CZ.png,,2073_0.png,2027_CZ.png,2073.png,0,2,2027,0,1,0,0,0,,111|1,Default,0,xwm,hero_xwm,4,1,KunLunTianGong,img_job_bg_1,0
102027000,0,0,0,Xiwangmu,XWM0,SYZ0,2027_0.png,,2073_0.png,2027.png,2073.png,0,2,2027,1,0,0,0,0,,111|1,Default,0,xwm,hero_xwm,4,1,KunLunTianGong,img_job_bg_1,0
102027001,105,0,0,Xiwangmu,XWM1,SYZ0,2027_1.png,,2073_0.png,2027_1.png,2073.png,0,3,2027,0,0,3:1:30|3:22:30,2:2000009:60,0,,,Exchange,0,xwm,hero_xwm,4,1,KunLunTianGong,img_job_bg_1,0
102027002,105,0,0,Xiwangmu,XWM2,SYZ0,2027_2.png,,2073_0.png,2027_2.png,2073.png,0,4,2027,0,0,3:1:50|3:22:60,2:2000010:50,0,,,Exchange,1,xwm,hero_xwm,4,1,KunLunTianGong,img_job_bg_1,0
100028000,0,0,0,Princess Bari,BLGZ_CZ,HMDE0,2028_CZ.png,,2051_0.png,2028_CZ.png,2051.png,0,2,2028,0,1,0,0,0,,111|1,Default,0,blgz,hero_blgz,4,1,ShenNvQiSuo,img_job_bg_1,0
102028000,0,0,0,Princess Bari,BLGZ0,HMDE0,2028_0.png,,2051_0.png,2028.png,2051.png,0,2,2028,1,0,0,0,0,,111|1,Default,0,blgz,hero_blgz,4,1,ShenNvQiSuo,img_job_bg_1,0
102028001,105,0,0,Princess Bari,BLGZ1,HMDE0,2028_1.png,,2051_0.png,2028_1.png,2051.png,0,3,2028,0,0,3:1:50|3:22:60,2:2000010:50,0,,,Exchange,0,blgz,hero_blgz,4,1,ShenNvQiSuo,img_job_bg_1,0
102028002,103,0,0,Princess Bari,BLGZ2,HMDE0,2028_2.png,,2051_0.png,2028_2.png,2051.png,0,4,2028,0,0,3:1:70|3:22:90,2:2000011:40,0,,,Exchange,0,blgz,hero_blgz,4,1,ShenNvQiSuo,img_job_bg_1,0
102028100,101,0,0,Swimsuit Party,BLGZ_YZ1,HMDE0,2028_YZ1.png,,2051_0.png,2028_YZ1.png,2051.png,1,5,2028,0,0,3:1:70|3:22:90,2:2000011:40,0,,,Exchange,1,blgz,hero_blgz,4,1,ShenNvQiSuo,img_job_bg_1,0
100029000,0,0,0,Apep,APP_CZ,WL_SP,2029_CZ.png,,3072_0.png,2029_CZ.png,3072.png,0,2,2029,0,1,0,0,0,,111|1,Default,0,app,hero_app,4,1,KunLunTianGong,img_job_bg_1,0
102029000,0,0,0,Apep,APP0,WL_SP,2029_0.png,,3072_0.png,2029.png,3072.png,0,2,2029,1,0,0,0,0,,111|1,Default,0,app,hero_app,4,1,KunLunTianGong,img_job_bg_1,0
102029001,105,0,0,Apep,APP1,WL_SP,2029_1.png,,3072_0.png,2029_1.png,3072.png,0,3,2029,0,0,3:1:30|3:22:30,2:2000009:60,0,,,Exchange,0,app,hero_app,4,1,KunLunTianGong,img_job_bg_1,0
102029002,105,0,0,Apep,APP2,WL_SP,2029_2.png,,3072_0.png,2029_2.png,3072.png,0,4,2029,0,0,3:1:50|3:22:60,2:2000010:50,0,,,Exchange,1,app,hero_app,4,1,KunLunTianGong,img_job_bg_1,0
100030000,0,0,0,Gabriel,WL_CZ,WL0,2030_CZ.png,,2030_0.png,2030_CZ.png,2030.png,0,2,2030,0,1,0,0,0,,111|1,Default,0,wl,hero_wl,4,1,ShenZhiXiaGu,img_job_bg_1,0
102030000,0,0,0,Gabriel,WL0,WL0,2030_0.png,,2030_0.png,2030.png,2030.png,0,2,2030,1,0,0,0,0,,111|1,Default,0,wl,hero_wl,4,1,ShenZhiXiaGu,img_job_bg_1,0
102030001,105,0,0,Gabriel,WL1,WL0,2030_1.png,,2030_0.png,2030_1.png,2030.png,0,2,2030,0,0,3:1:10|3:22:10,2:2000009:20,0,,,Exchange,0,wl,hero_wl,4,1,ShenZhiXiaGu,img_job_bg_1,0
102030002,105,0,0,Gabriel,WL2,WL0,2030_2.png,,2030_0.png,2030_2.png,2030.png,1,3,2030,0,0,3:1:30|3:22:30,2:2000009:60,0,,,Exchange,1,wl,hero_wl,4,1,ShenZhiXiaGu,img_job_bg_1,0
102030100,101,1,0,Swimsuit Party,WL_YZ,WL0,2030_YZ1.png,,2030_0.png,2030_YZ1.png,2030.png,1,4,2030,0,0,3:1:50|3:22:60,5:10008:10040,0,,,Buy,1,wl,hero_wl,4,1,,img_haitan_bg,0
100031000,0,0,0,Erebus,ERBS_CZ,ERBS0,2031_CZ.png,,2031_0.png,2031_CZ.png,2031.png,0,2,2031,0,1,0,0,0,,111|1,Default,0,erbs,hero_erbs,4,1,XieShenCangShenChu,img_job_bg_1,0
102031000,0,0,0,Erebus,ERBS0,ERBS0,2031_0.png,,2031_0.png,2031.png,2031.png,0,2,2031,1,0,0,0,0,,111|1,Default,0,erbs,hero_erbs,4,1,XieShenCangShenChu,img_job_bg_1,0
102031001,105,0,0,Erebus,ERBS1,ERBS0,2031_1.png,,2031_0.png,2031_1.png,2031.png,0,5,2031,0,0,3:1:70|3:22:90,2:2000011:40,0,,,Exchange,0,erbs,hero_erbs,4,1,XieShenCangShenChu,img_job_bg_1,0
102031002,105,0,0,Erebus,ERBS2,ERBS0,2031_2.png,,2031_0.png,2031_2.png,2031.png,0,6,2031,0,0,3:1:100|3:22:450,2:3000031:1,0,,,Exchange,1,erbs,hero_erbs,4,1,XieShenCangShenChu,img_job_bg_1,0
102031003,101,1,0,Swimsuit Party,ERBS_YZ,ERBS0,2031_YZ1.png,,2031_0.png,2031_YZ1.png,2031.png,1,5,2031,0,0,3:1:100|3:22:450,5:10004:10036,0,,,Buy,1,erbs,hero_erbs,4,1,,img_haitan_bg,0
100032000,0,0,0,Amaterasu,TZDS_CZ,ERBS0,2032_CZ.png,,2031_0.png,2032_CZ.png,2031.png,0,2,2032,0,1,0,0,0,,111|1,Default,0,tzds,hero_tzds,4,1,TianZhaoShenShe-Combined,img_job_bg_1,0
102032000,0,0,0,Amaterasu,TZDS0,ERBS0,2032_0.png,,2031_0.png,2032.png,2031.png,0,2,2032,1,0,0,0,0,,111|1,Default,0,tzds,hero_tzds,4,1,TianZhaoShenShe-Combined,img_job_bg_1,0
102032001,105,0,0,Amaterasu,TZDS1,ERBS0,2032_1.png,,2031_0.png,2032_1.png,2031.png,0,5,2032,0,0,3:1:70|3:22:90,2:2000011:40,0,,,Exchange,0,tzds,hero_tzds,4,1,TianZhaoShenShe-Combined,img_job_bg_1,0
102032002,103,0,0,Amaterasu,TZDS2,ERBS0,2032_2.png,,2031_0.png,2032_2.png,2031.png,0,6,2032,0,0,3:1:100|3:22:450,2:3000031:1,0,,,Exchange,1,tzds,hero_tzds,4,1,TianZhaoShenShe-Combined,img_job_bg_1,0
102032003,103,1,0,Supreme Light,TZDS3,ERBS0,2032_3.png,,2031_0.png,2032_3.png,2031.png,0,6,2032,0,0,3:2:100|3:22:450,5:10009:10010,0,,,Exchange,0,tzds,hero_tzds,4,1,TianZhaoShenShe-Combined,img_job_bg_1,0
102032004,104,0,0,Sacred Palace,TZDS_HS,ERBS0,2032_HS.png,,2031_0.png,2032_HS.png,2031.png,1,6,2032,0,0,3:1:100|3:22:450,2:3000148:1,0,,,Vow to obtain,0,tzds,hero_tzds,4,1,,img_hunsha_bg,0
100033000,0,0,0,Nyx,NKS_CZ,USER_MAIN_WSJ3,2033_CZ.png,,1003_WSJ1.png,2033_CZ.png,1000_WSJ_SH.png,0,2,2033,0,1,0,0,0,,111|1,Default,0,nks,hero_nks,4,1,ShenZhiXiaGu,img_job_bg_1,0
102033000,0,0,0,Nyx,NKS0,USER_MAIN_WSJ3,2033_0.png,,1003_WSJ1.png,2033.png,1000_WSJ_SH.png,0,2,2033,1,0,0,0,0,,111|1,Default,0,nks,hero_nks,4,1,ShenZhiXiaGu,img_job_bg_1,0
102033001,105,0,0,Nyx,NKS1,USER_MAIN_WSJ3,2033_1.png,,1003_WSJ1.png,2033_1.png,1000_WSJ_SH.png,0,3,2033,0,0,3:1:30|3:22:30,2:2000009:60,0,,,Exchange,0,nks,hero_nks,4,1,ShenZhiXiaGu,img_job_bg_1,0
102033002,103,0,0,Nyx,NKS2,USER_MAIN_WSJ3,2033_2.png,,1003_WSJ1.png,2033_2.png,1000_WSJ_SH.png,0,4,2033,0,0,3:1:50|3:22:60,2:2000010:50,0,,,Exchange,1,nks,hero_nks,4,1,ShenZhiXiaGu,img_job_bg_1,0
100034000,0,0,0,Anubis,ANBS_CZ,YKLS0,2034_CZ.png,,2049_0.png,2034_CZ.png,2049.png,0,2,2034,0,1,0,0,0,,111|1,Default,0,anbs,hero_anbs,4,1,DaJinZiTa,img_job_bg_1,0
102034000,0,0,0,Anubis,ANBS0,YKLS0,2034_0.png,,2049_0.png,2034.png,2049.png,0,2,2034,1,0,0,0,0,,111|1,Default,0,anbs,hero_anbs,4,1,DaJinZiTa,img_job_bg_1,0
102034100,101,0,0,Swimsuit Party,ANBS_YZ1,YKLS0,2034_YZ1.png,,2049_0.png,2034_YZ1.png,2049.png,1,4,2034,0,0,3:1:50|3:22:60,2:2000010:50,0,,,Exchange,1,anbs,hero_anbs,4,1,DaJinZiTa,img_job_bg_1,0
100035000,0,0,0,Odin,AD_CZ,AD0,2035_CZ.png,,2035_0.png,2035_CZ.png,2035.png,0,2,2035,0,1,0,0,0,,111|1,Default,0,ad,hero_ad,4,1,ShiJieShu,img_job_bg_1,0
102035000,0,0,0,Odin,AD0,AD0,2035_0.png,,2035_0.png,2035.png,2035.png,0,2,2035,1,0,0,0,0,,111|1,Default,0,ad,hero_ad,4,1,ShiJieShu,img_job_bg_1,0
102035001,105,0,0,Odin,AD1,AD0,2035_1.png,,2035_0.png,2035_1.png,2035.png,0,5,2035,0,0,3:1:70|3:22:90,2:2000011:40,0,,,Exchange,0,ad,hero_ad,4,1,ShiJieShu,img_job_bg_1,0
102035002,103,0,0,Odin,AD2,AD0,2035_2.png,,2035_0.png,2035_2.png,2035.png,0,6,2035,0,0,3:1:100|3:22:450,2:3000031:1,0,,,Exchange,1,ad,hero_ad,4,1,ShiJieShu,img_job_bg_1,0
102035003,104,0,0,Sacred Palace,AD_HS,AD0,2035_HS.png,,2035_0.png,2035_HS.png,2035.png,1,6,2035,0,0,3:1:100|3:22:450,2:3000148:1,0,,,Vow to obtain,0,ad,hero_ad,4,1,,img_hunsha_bg,0
100036000,0,0,0,Phantasos,FTSS_CZ,LHFR0,2036_CZ.png,,2025_0.png,2036_CZ.png,2025.png,0,2,2036,0,1,0,0,0,,111|1,Default,0,ftss,hero_ftss,4,1,ShenZhiXiaGu,img_job_bg_1,0
102036000,0,0,0,Phantasos,FTSS0,LHFR0,2036_0.png,,2025_0.png,2036.png,2025.png,0,2,2036,1,0,0,0,0,,111|1,Default,0,ftss,hero_ftss,4,1,ShenZhiXiaGu,img_job_bg_1,0
102036001,105,0,0,Phantasos,FTSS1,LHFR0,2036_1.png,,2025_0.png,2036_1.png,2025.png,0,4,2036,0,0,3:1:50|3:22:60,2:2000010:50,0,,,Exchange,0,ftss,hero_ftss,4,1,ShenZhiXiaGu,img_job_bg_1,0
102036002,105,0,0,Phantasos,FTSS2,LHFR0,2036_2.png,,2025_0.png,2036_2.png,2025.png,0,5,2036,0,0,3:1:70|3:22:90,2:2000011:40,0,,,Exchange,1,ftss,hero_ftss,4,1,ShenZhiXiaGu,img_job_bg_1,0
102037000,0,0,0,Ra,R1,R0,2037_1.png,,2037_0.png,2037.png,2037.png,0,2,2037,1,0,0,0,0,,111|1,Default,0,r_yn,hero_r,4,1,DaJinZiTa,img_job_bg_1,0
102037001,105,0,0,Ra,R2,R0,2037_2.png,,2037_0.png,2037_2.png,2037.png,0,2,2037,0,0,3:1:10|3:22:10,2:2000009:20,0,,,Exchange,0,r_yn,hero_r,4,1,DaJinZiTa,img_job_bg_1,0
102037002,103,0,0,Ra,R3,R0,2037_3.png,,2037_0.png,2037_3.png,2037.png,1,3,2037,0,0,3:1:30|3:22:30,2:2000009:60,0,,,Exchange,0,r,hero_r,4,1,DaJinZiTa,img_job_bg_1,0
102037003,103,0,0,Ra,R4,R0,2037_4.png,,2037_0.png,2037_4.png,2037.png,1,4,2037,0,0,3:1:50|3:22:60,2:2000010:50,0,,,Exchange,0,r,hero_r,4,1,DaJinZiTa,img_job_bg_1,0
102037004,103,0,0,Ra,R0,R0,2037_0.png,,2037_0.png,2037_1.png,2037.png,0,5,2037,0,0,3:1:70|3:22:90,2:2000011:40,0,,,Exchange,0,r_yn,hero_r,4,1,DaJinZiTa,img_job_bg_1,0
102037100,101,0,0,Swimsuit Party,R_YZ1,R0,2037_YZ1.png,,2037_0.png,2037_YZ1.png,2037.png,1,6,2037,0,0,3:1:100|3:22:450,2:3000031:1,0,,,Exchange,1,r,hero_r,4,1,DaJinZiTa,img_job_bg_1,0
102037101,104,0,0,Sacred Palace,R_HS,R0,2037_HS.png,,2037_0.png,2037_HS.png,2037.png,1,6,2037,0,0,3:1:100|3:22:450,2:3000148:1,0,,,Vow to obtain,0,r,hero_r,4,1,,img_hunsha_bg,0
102037200,102,0,0,Sun God,R_UR,R0,2037_UR.png,,2037_0.png,2037_UR.png,2037.png,1,6,2037,0,0,3:1:100|3:22:450,6,0,,,Divine Awakening,0,r,hero_r,4,1,DaJinZiTa,img_job_bg_1,0
102037300,102,0,0,Blazing Triumph-Ra,R_UR_PLUS,R0,2037_UR_PLUS.png,,2037_0.png,2037_UR_PLUS.png,2037.png,1,6,2037,0,0,3:1:100|3:22:450,8,0,,,Wonder Waken,0,r,hero_r,4,1,DaJinZiTa,img_job_bg_1,1
102037368,102,0,0,Nightfall Passion - Ra,R_MR,R0,2037_MR.png,,2037_0.png,2037_MR.png,2037.png,1,6,2037,0,0,3:1:100|3:22:450,9,0,,,Divinity Ascend,0,r,hero_r,4,1,DaJinZiTa,img_job_bg_1,1
100038000,0,0,0,Izu Dancer,WN_CZ,WN0,2038_CZ.png,,2038_0.png,2038_CZ.png,2038.png,0,2,2038,0,1,0,0,0,,111|1,Default,0,wn,hero_wn,4,1,ShenNvQiSuo,img_job_bg_1,0
102038000,0,0,0,Izu Dancer,WN0,WN0,2038_0.png,,2038_0.png,2038.png,2038.png,0,2,2038,1,0,0,0,0,,111|1,Default,0,wn,hero_wn,4,1,ShenNvQiSuo,img_job_bg_1,0
102038001,105,0,0,Izu Dancer,WN1,WN0,2038_1.png,,2038_0.png,2038_1.png,2038.png,0,3,2038,0,0,3:1:50|3:22:60,2:2000010:50,0,,,Exchange,0,wn,hero_wn,4,1,ShenNvQiSuo,img_job_bg_1,0
102038002,103,0,0,Izu Dancer,WN2,WN0,2038_2.png,,2037_0.png,2038_2.png,2037.png,0,4,2038,0,0,3:1:70|3:22:90,2:2000011:40,0,,,Exchange,0,wn,hero_wn,4,1,ShenNvQiSuo,img_job_bg_1,0
102038003,101,0,0,Swimsuit Party,WN_YZ1,WN0,2038_YZ1.png,,2037_0.png,2038_YZ1.png,2037.png,1,5,2038,0,0,3:1:70|3:22:90,2:2000011:40,0,,,Exchange,1,wn,hero_wn,4,1,ShenNvQiSuo,img_job_bg_1,0
102039000,0,0,0,Hera,HL0,HL0,2039_0.png,,2039_0.png,2039.png,2039.png,0,2,2039,1,0,0,0,0,,111|1,Default,0,hl_yn,hero_hl,4,1,PanDuoLaShenMiao,img_job_bg_1,0
102039001,105,0,0,Hera,HL1,HL0,2039_1.png,,2039_0.png,2039_1.png,2039.png,0,3,2039,0,0,3:1:30|3:22:30,2:2000009:60,0,,,Exchange,0,hl_yn,hero_hl,4,1,PanDuoLaShenMiao,img_job_bg_1,0
102039002,103,0,0,Hera,HL2,HL0,2039_2.png,,2039_0.png,2039_2.png,2039.png,0,4,2039,0,0,3:1:50|3:22:60,2:2000010:50,0,,,Exchange,0,hl_yn,hero_hl,4,1,PanDuoLaShenMiao,img_job_bg_1,0
102039003,103,0,0,Hera,HL3,HL0,2039_3.png,,2039_0.png,2039_3.png,2039.png,1,5,2039,0,0,3:1:70|3:22:90,2:2000011:40,0,,,Exchange,0,hl,hero_hl,4,1,PanDuoLaShenMiao,img_job_bg_1,0
102039004,103,0,0,Wedding Dress,HL4,HL0,2039_4.png,,2039_0.png,2039_4.png,2039.png,1,6,2039,0,0,3:1:100|3:22:450,2:3000031:1,0,,,Exchange,1,hl,hero_hl,4,1,PanDuoLaShenMiao,img_job_bg_1,0
102039005,101,0,0,Swimsuit Party,HL_YZ1,HL0,2039_YZ1.png,,2039_0.png,2039_YZ1.png,2039.png,1,6,2039,0,0,3:1:100|3:22:450,2:3000031:1,0,,,Exchange,1,hl,hero_hl,4,1,PanDuoLaShenMiao,img_job_bg_1,0
102039006,104,0,0,Sacred Palace,HL_HS,HL0,2039_HS.png,,2039_0.png,2039_HS.png,2039.png,1,6,2039,0,0,3:1:100|3:22:450,2:3000148:1,0,,,Vow to obtain,0,hl,hero_hl,4,1,,img_hunsha_bg,0
102039007,101,1,0,Swimsuit Party,HL_YZ2,HL0,2039_YZ2.png,,2039_0.png,2039_YZ2.png,2039.png,1,6,2039,0,0,3:1:100|3:22:450,5:10041:10042,0,,,Buy,1,hl,hero_hl,4,1,PanDuoLaShenMiao,img_job_bg_1,0
102039200,102,0,0,Supreme Power-Hera,HL_UR,HL0,2039_UR.png,,2039_0.png,2039_UR.png,2039.png,1,6,2039,0,0,3:1:100|3:22:450,6,0,,,Divine Awakening,0,hl_ur,hero_hl,4,1,PanDuoLaShenMiao,img_job_bg_1,0
102039300,102,0,0,Supreme Queen-Hera,HL_UR_PLUS,HL0,2039_UR_PLUS.png,,2039_0.png,2039_UR_PLUS.png,2039.png,1,6,2039,0,0,3:1:100|3:22:450,8,0,,,Wonder Waken,0,hl_ur,hero_hl,4,1,PanDuoLaShenMiao,img_job_bg_1,1
102039368,102,0,0,Sacred Roses-Hera,HL_MR,HL0,2039_MR.png,,2039_0.png,2039_MR.png,2039.png,1,6,2039,0,0,3:1:100|3:22:450,9,0,,,Divinity Ascend,0,hl_ur,hero_hl,4,1,PanDuoLaShenMiao,img_job_bg_1,1
100040000,0,0,0,Zhu Rong,HSZR_CZ,R_UR_PLUS_SH,2040_CZ.png,,2037_UR_PLUS_SH.png,2040_CZ.png,2037_UR_PLUS_SH.png,0,2,2040,0,1,0,0,0,,111|1,Default,0,hszr,hero_hszr,4,1,NuwaJingu,img_job_bg_1,0
102040000,0,0,0,Zhu Rong,HSZR0,R_UR_PLUS_SH,2040_0.png,,2037_UR_PLUS_SH.png,2040.png,2037_UR_PLUS_SH.png,0,2,2040,1,0,0,0,0,,111|1,Default,0,hszr,hero_hszr,4,1,NuwaJingu,img_job_bg_1,0
102040001,105,0,0,Zhu Rong,HSZR1,R_UR_PLUS_SH,2040_1.png,,2037_UR_PLUS_SH.png,2040_1.png,2037_UR_PLUS_SH.png,0,3,2040,0,0,3:1:50|3:22:60,2:2000010:50,0,,,Exchange,0,hszr,hero_hszr,4,1,NuwaJingu,img_job_bg_1,0
102040002,103,0,0,Zhu Rong,HSZR2,R_UR_PLUS_SH,2040_2.png,,2037_UR_PLUS_SH.png,2040_2.png,2037_UR_PLUS_SH.png,0,4,2040,0,0,3:1:70|3:22:90,2:2000011:40,0,,,Exchange,0,hszr,hero_hszr,4,1,NuwaJingu,img_job_bg_1,0
102040003,101,0,0,Swimsuit Party,HSZR_YZ1,R_UR_PLUS_SH,2040_YZ1.png,,2037_UR_PLUS_SH.png,2040_YZ1.png,2037_UR_PLUS_SH.png,1,5,2040,0,0,3:1:70|3:22:90,2:2000011:40,0,,,Exchange,1,hszr,hero_hszr,4,1,NuwaJingu,img_job_bg_1,0
102040300,0,0,0,Blazing Emissary,HSZR_SP,R_UR_PLUS_SH,2040_SP1.png,,2037_UR_PLUS_SH.png,2040_SP1.png,2037_UR_PLUS_SH.png,1,100,2040,0,0,0,2:3000125:1,0,,,Exchange,1,hszr,hero_hszr,4,0,RanShaoLianYu,img_job_bg_1,0
100041000,0,0,0,Hephaestus,HFSTS_CZ,HFSTS0,2041_CZ.png,,2041_0.png,2041_CZ.png,2041.png,0,2,2041,0,1,0,0,0,,111|1,Default,0,hfsts,hero_hfsts,4,1,RanShaoLianYu,img_job_bg_1,0
102041000,0,0,0,Hephaestus,HFSTS0,HFSTS0,2041_0.png,,2041_0.png,2041.png,2041.png,0,2,2041,1,0,0,0,0,,111|1,Default,0,hfsts,hero_hfsts,4,1,RanShaoLianYu,img_job_bg_1,0
102041001,105,0,0,Hephaestus,HFSTS1,HFSTS0,2041_1.png,,2041_0.png,2041_1.png,2041.png,0,3,2041,0,0,3:1:50|3:22:60,2:2000010:50,0,,,Exchange,0,hfsts,hero_hfsts,4,1,RanShaoLianYu,img_job_bg_1,0
102041002,103,0,0,Hephaestus,HFSTS2,HFSTS0,2041_2.png,,2041_0.png,2041_2.png,2041.png,0,4,2041,0,0,3:1:70|3:22:90,2:2000011:40,0,,,Exchange,0,hfsts,hero_hfsts,4,1,RanShaoLianYu,img_job_bg_1,0
102041003,101,0,0,Swimsuit Party,HFSTS_YZ1,HFSTS0,2041_YZ1.png,,2041_0.png,2041_YZ1.png,2041.png,1,5,2041,0,0,3:1:70|3:22:90,2:2000011:40,0,,,Exchange,1,hfsts,hero_hfsts,4,1,RanShaoLianYu,img_job_bg_1,0
102042000,0,0,0,Xmas Angel,SDNS0,SDNS0,2042_0.png,,2042_0.png,2042.png,2042.png,0,2,2042,1,0,0,0,0,,111|1,Default,0,sdns,hero_sdns,4,1,ShouErQingDian,img_job_bg_1,0
102042001,105,0,0,Xmas Angel,SDNS1,SDNS0,2042_1.png,,2042_0.png,2042_1.png,2042.png,0,4,2042,0,0,3:1:50|3:22:60,2:2000010:50,0,,,Exchange,0,sdns,hero_sdns,4,1,ShouErQingDian,img_job_bg_1,0
102042002,103,0,0,Xmas Angel,SDNS2,SDNS0,2042_2.png,,2042_0.png,2042_2.png,2042.png,0,5,2042,0,0,3:1:70|3:22:90,2:2000011:40,0,,,Exchange,1,sdns,hero_sdns,4,1,ShouErQingDian,img_job_bg_1,0
102042200,102,0,0,Surprise Party-Xmas Angel,SDNS_UR,SDNS0,2042_UR.png,,2042_0.png,2042_UR.png,2042.png,1,6,2042,0,0,3:1:100|3:22:450,6,0,,,Divine Awakening,0,sdns_ur,hero_sdns_ur,4,1,ShouErQingDian,img_job_bg_1,0
100046000,0,0,0,Izanami,YXNM_CZ,YXNM0,2046_CZ.png,,2046_0.png,2046_CZ.png,2046.png,0,2,2046,0,1,0,0,0,,111|1,Default,0,yyjz,hero_yyjz,4,1,YueDuShenShe,img_job_bg_1,0
102046000,0,0,0,Izanami,YXNM0,YXNM0,2046_0.png,,2046_0.png,2046.png,2046.png,0,2,2046,1,0,0,0,0,,111|1,Default,0,yyjz,hero_yyjz,4,1,YueDuShenShe,img_job_bg_1,0
102046001,105,0,0,Izanami,YXNM1,YXNM0,2046_1.png,,2046_0.png,2046_1.png,2046.png,0,4,2046,0,0,3:1:50|3:22:60,2:2000010:50,0,,,Exchange,0,yyjz,hero_yyjz,4,1,YueDuShenShe,img_job_bg_1,0
102046002,103,0,0,Izanami,YXNM2,YXNM0,2046_2.png,,2046_0.png,2046_2.png,2046.png,0,5,2046,0,0,3:1:70|3:22:90,2:2000011:40,0,,,Exchange,1,yyjz,hero_yyjz,4,1,YueDuShenShe,img_job_bg_1,0
102047000,0,0,0,Cupid,QBT0,YKLS0,2047_0.png,,2049_0.png,2047.png,2049.png,0,2,2047,1,0,0,0,0,,111|1,Default,0,qbt,hero_qbt,4,1,PanDuoLaShenMiao,img_job_bg_1,0
102047001,105,0,0,Cupid,QBT1,YKLS0,2047_1.png,,2049_0.png,2047_1.png,2049.png,0,5,2047,0,0,3:1:70|3:22:90,2:2000011:40,0,,,Exchange,0,qbt,hero_qbt,4,1,PanDuoLaShenMiao,img_job_bg_1,0
102047002,103,0,0,Cupid,QBT2,YKLS0,2047_2.png,,2049_0.png,2047_2.png,2049.png,0,6,2047,0,0,3:1:100|3:22:450,2:3000031:1,0,,,Exchange,1,qbt,hero_qbt,4,1,PanDuoLaShenMiao,img_job_bg_1,0
102047003,103,1,0,Arrow of Love,QBT3,YKLS0,2047_3.png,,2049_0.png,2047_3.png,2049.png,1,6,2047,0,0,3:1:100|3:22:500,5:10021:10022,0,,,Exchange,1,qbt,hero_qbt,4,1,PanDuoLaShenMiao,img_job_bg_1,0
102047004,104,0,0,Sacred Palace,QBT_HS,YKLS0,2047_HS.png,,2049_0.png,2047_HS.png,2049.png,1,6,2047,0,0,3:1:100|3:22:450,2:3000148:1,0,,,Vow to obtain,0,qbt,hero_qbt,4,1,,img_hunsha_bg,0
102047200,102,0,0,Rose Garden,QBT_UR,YKLS0,2047_UR.png,,2049_0.png,2047_UR.png,2049.png,1,6,2047,0,0,3:1:100|3:22:450,6,0,,,Divine Awakening,0,qbt,hero_qbt,4,1,PanDuoLaShenMiao,img_job_bg_1,0
102047300,0,0,0,Rose Dancer,QBT_SP,YKLS0,2047_SP1.png,,2049_0.png,2047_SP1.png,2049.png,1,100,2047,0,0,0,2:3000124:1,0,,,Exchange,1,qbt,hero_qbt,4,0,NuwaJingu,img_job_bg_1,0
102047301,102,0,0,Bathing Manner-Cupid,QBT_UR_PLUS,YKLS0,2047_UR_PLUS.png,,2049_0.png,2047_UR_PLUS.png,2049.png,1,6,2047,0,0,3:1:100|3:22:450,8,0,,,Wonder Waken,0,qbt,hero_qbt,4,1,PanDuoLaShenMiao,img_job_bg_1,1
102047368,102,0,0,Naughty Moment - Cupid,QBT_MR,YKLS0,2047_MR.png,,2049_0.png,2047_MR.png,2049.png,1,6,2047,0,0,3:1:100|3:22:450,9,0,,,Divinity Ascend,0,qbt,hero_qbt,4,1,PanDuoLaShenMiao,img_job_bg_1,1
102048000,0,0,0,Hades,HDS0,YKLS0,2048_0.png,,2049_0.png,2048.png,2049.png,0,2,2048,1,0,0,0,0,,111|1,Default,0,mwhds,hero_mwhds,4,1,ShenNvQiSuo,img_job_bg_1,0
100048000,0,0,0,Hades,HDS_CZ,YKLS0,2048_CZ.png,,2049_0.png,2048_CZ.png,2049.png,0,2,2048,0,1,0,0,0,,111|1,Default,0,mwhds,hero_mwhds,4,1,ShenNvQiSuo,img_job_bg_1,0
102048001,105,0,0,Hades,HDS1,YKLS0,2048_1.png,,2049_0.png,2048_1.png,2049.png,0,5,2048,0,0,3:1:70|3:22:90,2:2000011:40,0,,,Exchange,0,mwhds,hero_mwhds,4,1,ShenNvQiSuo,img_job_bg_1,0
102048002,103,0,0,Hades,HDS2,YKLS0,2048_2.png,,2049_0.png,2048_2.png,2049.png,0,6,2048,0,0,3:1:100|3:22:450,2:3000031:1,0,,,Exchange,1,mwhds,hero_mwhds,4,1,ShenNvQiSuo,img_job_bg_1,0
102048003,101,0,0,Swimsuit Party,HDS_YZ1,YKLS0,2048_YZ1.png,,2049_0.png,2048_YZ1.png,2049.png,1,6,2048,0,0,3:1:100|3:22:450,2:3000031:1,0,,,Exchange,1,mwhds,hero_mwhds,4,1,ShenNvQiSuo,img_job_bg_1,0
102049000,0,0,0,Icarus,YKLS0,YKLS0,2049_0.png,,2049_0.png,2049.png,2049.png,0,2,2049,1,0,0,0,0,,111|1,Default,0,ykls,hero_ykls,4,1,PanDuoLaShenMiao,img_job_bg_1,0
102049001,105,0,0,Icarus,YKLS1,YKLS0,2049_1.png,,2049_0.png,2049_1.png,2049.png,0,5,2049,0,0,3:1:70|3:22:90,2:2000011:40,0,,,Exchange,0,ykls,hero_ykls,4,1,PanDuoLaShenMiao,img_job_bg_1,0
102049002,103,0,0,Icarus,YKLS2,YKLS0,2049_2.png,,2049_0.png,2049_2.png,2049.png,0,6,2049,0,0,3:1:100|3:22:450,2:3000031:1,0,,,Exchange,1,ykls,hero_ykls,4,1,PanDuoLaShenMiao,img_job_bg_1,0
102049003,101,1,0,Swimsuit Party,YKLS_YZ1,YKLS0,2049_YZ1.png,,2049_0.png,2049_YZ1.png,2049.png,1,6,2049,0,0,3:1:100|3:22:450,5:10015:10016,0,,,Limited Purchase,1,ykls,hero_ykls,4,1,,img_haitan_bg,0
102049004,104,0,0,Sacred Palace,YKLS_HS,YKLS0,2049_HS.png,,2049_0.png,2049_HS.png,2049.png,1,6,2049,0,0,3:1:100|3:22:450,2:3000148:1,0,,,Vow to obtain,0,ykls,hero_ykls,4,1,,img_hunsha_bg,0
102049200,102,0,0,Newborn Luster,YKLS_UR,YKLS0,2049_UR.png,,2049_0.png,2049_UR.png,2049.png,1,6,2049,0,0,3:1:100|3:22:450,6,0,,,Divine Awakening,0,ykls,hero_ykls,4,1,PanDuoLaShenMiao,img_job_bg_1,0
102049300,102,0,0,Flawless Wings - Icarus,YKLS_UR_PLUS,YKLS0,2049_UR_PLUS.png,,2049_0.png,2049_UR_PLUS.png,2049.png,1,6,2049,0,0,3:1:100|3:22:450,8,0,,,Wonder Waken,0,ykls,hero_ykls,4,1,PanDuoLaShenMiao,img_job_bg_1,1
102049368,102,0,0,Charm of Daisy - Icarus,YKLS_MR,YKLS0,2049_MR.png,,2049_0.png,2049_MR.png,2049.png,1,6,2049,0,0,3:1:100|3:22:450,9,0,,,Divinity Ascend,0,ykls,hero_ykls,4,1,PanDuoLaShenMiao,img_job_bg_1,1
102050000,0,0,0,Chaos,KES0,YXNM1,2050_0.png,,2046_1.png,2050.png,2046_1.png,0,2,2050,1,0,0,0,0,,111|1,Default,0,kes_yn,hero_kes,4,1,PanDuoLaShenMiao,img_job_bg_1,0
102050001,105,0,0,Chaos,KES1,YXNM1,2050_1.png,,2046_1.png,2050_1.png,2046_1.png,0,3,2050,0,0,3:1:30|3:22:30,2:2000009:60,0,,,Exchange,0,kes_yn,hero_kes,4,1,PanDuoLaShenMiao,img_job_bg_1,0
102050002,105,0,0,Chaos,KES2,YXNM1,2050_2.png,,2046_1.png,2050_2.png,2046_1.png,0,4,2050,0,0,3:1:50|3:22:60,2:2000010:50,0,,,Exchange,0,kes_yn,hero_kes,4,1,PanDuoLaShenMiao,img_job_bg_1,0
102050003,103,0,0,Chaos,KES3,YXNM1,2050_3.png,,2046_1.png,2050_3.png,2046_1.png,1,5,2050,0,0,3:1:70|3:22:90,2:2000011:40,0,,,Exchange,0,kes,hero_kes,4,1,PanDuoLaShenMiao,img_job_bg_1,0
102050004,103,0,0,Chaos,KES4,YXNM1,2050_4.png,,2046_1.png,2050_4.png,2046_1.png,1,6,2050,0,0,3:1:100|3:22:450,2:3000031:1,0,,,Exchange,1,kes,hero_kes,4,1,PanDuoLaShenMiao,img_job_bg_1,0
102050005,101,0,0,Swimsuit Party,KES_YZ1,YXNM1,2050_YZ1.png,,2046_1.png,2050_YZ1.png,2046_1.png,1,6,2050,0,0,3:1:100|3:22:450,2:3000031:1,0,,,Exchange,1,kes,hero_kes,4,1,PanDuoLaShenMiao,img_job_bg_1,0
102050006,104,0,0,Sacred Palace,KES_HS,YXNM1,2050_HS.png,,2046_1.png,2050_HS.png,2046_1.png,1,6,2050,0,0,3:1:100|3:22:450,2:3000148:1,0,,,Vow to obtain,0,kes,hero_kes,4,1,,img_hunsha_bg,0
102050200,102,0,0,Original Creation,KES_UR,YXNM1,2050_UR.png,,2046_1.png,2050_UR.png,2046_1.png,1,6,2050,0,0,3:1:100|3:22:450,6,0,,,Divine Awakening,0,kes,hero_kes,4,1,PanDuoLaShenMiao,img_job_bg_1,0
102050300,102,0,0,Primeval Chaos-Chaos,KES_UR_PLUS,YXNM1,2050_UR_PLUS.png,,2046_1.png,2050_UR_PLUS.png,2046_1.png,1,6,2050,0,0,3:1:100|3:22:450,8,0,,,Wonder Waken,0,kes,hero_kes,4,1,PanDuoLaShenMiao,img_job_bg_1,1
102050368,102,0,0,The Queen's Gambit,KES_MR,YXNM1,2050_MR.png,,2046_1.png,2050_MR.png,2046_1.png,1,6,2050,0,0,3:1:100|3:22:450,9,0,,,Divinity Ascend,0,kes,hero_kes,4,1,PanDuoLaShenMiao,img_job_bg_1,1
102051000,0,0,0,Heimdall,HMDE0,YKLS0,2051_0.png,,2049_0.png,2051.png,2049.png,0,2,2051,1,0,0,0,0,,111|1,Default,0,hmde_yn,hero_hmde,4,1,PanDuoLaShenMiao,img_job_bg_1,0
102051001,105,0,0,Heimdall,HMDE1,YKLS0,2051_1.png,,2049_0.png,2051_1.png,2049.png,0,3,2051,0,0,3:1:30|3:22:30,2:2000009:60,0,,,Exchange,0,hmde_yn,hero_hmde,4,1,PanDuoLaShenMiao,img_job_bg_1,0
102051002,105,0,0,Heimdall,HMDE2,YKLS0,2051_2.png,,2049_0.png,2051_2.png,2049.png,0,4,2051,0,0,3:1:50|3:22:60,2:2000010:50,0,,,Exchange,0,hmde_yn,hero_hmde,4,1,PanDuoLaShenMiao,img_job_bg_1,0
102051003,103,0,0,Heimdall,HMDE3,YKLS0,2051_3.png,,2049_0.png,2051_3.png,2049.png,1,5,2051,0,0,3:1:70|3:22:90,2:2000011:40,0,,,Exchange,1,hmde,hero_hmde,4,1,PanDuoLaShenMiao,img_job_bg_1,0
102051004,103,0,0,Heimdall,HMDE4,YKLS0,2051_4.png,,2049_0.png,2051_4.png,2049.png,1,6,2051,0,0,3:1:100|3:22:450,2:3000031:1,0,,,Exchange,1,hmde,hero_hmde,4,1,PanDuoLaShenMiao,img_job_bg_1,0
102051200,102,0,0,Iron Solidarity,HMDE_UR,YKLS0,2051_UR.png,,2049_0.png,2051_UR.png,2049.png,1,6,2051,0,0,3:1:100|3:22:450,6,0,,,Divine Awakening,0,hmde_ur,hero_hmde,4,1,PanDuoLaShenMiao,img_job_bg_1,0
102051005,101,0,0,Swimsuit Party,HMDE_YZ1,YKLS0,2051_YZ1.png,,2049_0.png,2051_YZ1.png,2049.png,1,6,2051,0,0,3:1:100|3:22:450,2:3000031:1,0,,,Exchange,1,hmde,hero_hmde,4,1,PanDuoLaShenMiao,img_job_bg_1,0
102051006,104,0,0,Sacred Palace,HMDE_HS,YKLS0,2051_HS.png,,2049_0.png,2051_HS.png,2049.png,1,6,2051,0,0,3:1:100|3:22:450,2:3000148:1,0,,,Vow to obtain,0,hmde,hero_hmde,4,1,,img_hunsha_bg,0
102051300,102,0,0,Bird of the Golden Cage - Heimdall,HMDE_UR_PLUS,YKLS0,2051_UR_PLUS.png,,2049_0.png,2051_UR_PLUS.png,2049.png,1,6,2051,0,0,3:1:100|3:22:450,8,0,,,Wonder Waken,0,hmde,hero_hmde,4,1,PanDuoLaShenMiao,img_job_bg_1,1
102052000,0,0,0,Michael,MJL0,YKLS0,2052_0.png,,2049_0.png,2052.png,2049.png,0,2,2052,1,0,0,0,0,,111|1,Default,0,mjl,hero_mjl,4,1,ShenZhiXiaGu,img_job_bg_1,0
102052001,105,0,0,Michael,MJL1,YKLS0,2052_1.png,,2049_0.png,2052_1.png,2049.png,0,5,2052,0,0,3:1:70|3:22:90,2:2000011:40,0,,,Exchange,0,mjl,hero_mjl,4,1,ShenZhiXiaGu,img_job_bg_1,0
102052002,103,0,0,Michael,MJL2,YKLS0,2052_2.png,,2049_0.png,2052_2.png,2049.png,0,6,2052,0,0,3:1:100|3:22:450,2:3000031:1,0,,,Exchange,1,mjl,hero_mjl,4,1,ShenZhiXiaGu,img_job_bg_1,0
102052005,101,0,0,Swimsuit Party,MJL_YZ1,YKLS0,2052_YZ1.png,,2049_0.png,2052_YZ1.png,2049.png,1,6,2052,0,0,3:1:100|3:22:450,2:3000031:1,0,,,Exchange,1,mjl,hero_mjl,4,1,ShenZhiXiaGu,img_job_bg_1,0
102053000,0,0,0,Himiko,BMH0,YKLS0,2053_0.png,,2049_0.png,2053.png,2049.png,0,2,2053,1,0,0,0,0,,111|1,Default,0,bmh,hero_bmh,4,1,KunLunTianGong,img_job_bg_1,0
102053001,103,0,0,Himiko,BMH1,YKLS0,2053_1.png,,2049_0.png,2053_1.png,2049.png,1,6,2053,0,0,3:1:200|3:22:500,2:3000057:1,0,,,Exchange,1,bmh,hero_bmh,4,1,KunLunTianGong,img_job_bg_1,0
102053002,103,1,0,Ghost Maihime,BMH2,YKLS0,2053_2.png,,2049_0.png,2053_2.png,2049.png,1,6,2053,0,0,3:2:200|3:22:500,5:10023:10024,0,,,Limited Purchase,1,bmh,hero_bmh,4,1,KunLunTianGong,img_job_bg_1,0
102053003,104,0,0,Sacred Palace,BMH_HS,YKLS0,2053_HS.png,,2049_0.png,2053_HS.png,2049.png,1,6,2053,0,0,3:1:100|3:22:450,2:3000148:1,0,,,Vow to obtain,0,bmh,hero_bmh,4,1,,img_hunsha_bg,0
102053200,102,0,0,Under the Sky,BMH_UR,YKLS0,2053_UR.png,,2049_0.png,2053_UR.png,2049.png,1,6,2053,0,0,3:1:100|3:22:450,6,0,,,Divine Awakening,0,bmh,hero_bmh,4,1,KunLunTianGong,img_job_bg_1,0
102053300,102,0,0,Sipping Under Moon - Himiko,BMH_UR_PLUS,YKLS0,2053_UR_PLUS.png,,2049_0.png,2053_UR_PLUS.png,2049.png,1,6,2053,0,0,3:1:100|3:22:450,8,0,,,Wonder Waken,0,bmh,hero_bmh,4,1,KunLunTianGong,img_job_bg_1,1
102054000,0,0,0,Enmusubi,ZRNZ0,YKLS0,2054_0.png,,2049_0.png,2054.png,2049.png,0,2,2054,1,0,0,0,0,,111|1,Default,0,zrnz,hero_zrnz,4,1,ShenNvQiSuo,img_job_bg_1,0
102054001,105,0,0,Enmusubi,ZRNZ1,YKLS0,2054_1.png,,2049_0.png,2054_1.png,2049.png,0,6,2054,0,0,3:1:100|3:22:450,2:3000031:1,0,,,Exchange,0,zrnz,hero_zrnz,4,1,ShenNvQiSuo,img_job_bg_1,0
102054002,103,1,0,Magic Rain,ZRNZ_YS1,YKLS0,2054_YS1.png,,2049_0.png,2054_YS1.png,2049.png,1,6,2054,0,0,3:2:150|3:22:500,5:10013:10014,0,,,Exchange,1,zrnz,hero_zrnz,4,1,ShenNvQiSuo,img_job_bg_1,0
102054200,102,0,0,Eternal Affection-Enmusubi,ZRNZ_UR,YKLS0,2054_UR.png,,2049_0.png,2054_UR.png,2049.png,1,6,2054,0,0,3:1:100|3:22:450,6,0,,,Divine Awakening,0,zrnz_ur,hero_zrnz_ur,4,1,,img_job_bg_4,0
102054300,102,0,0,Sparkling Affection - Enmusubi,ZRNZ_UR_PLUS,YKLS0,2054_UR_PLUS.png,,2049_0.png,2054_UR_PLUS.png,2049.png,1,6,2054,0,0,3:1:100|3:22:450,8,0,,,Wonder Waken,0,zrnz_ur,hero_zrnz_ur,4,1,ShenNvQiSuo,img_job_bg_1,1
102055000,0,0,0,Frost Dragon,LB0,YKLS0,2055_0.png,,2049_0.png,2055.png,2049.png,0,2,2055,1,0,0,0,0,,111|1,Default,0,lb,hero_lb,4,1,ShenNvQiSuo,img_job_bg_1,0
102055001,104,0,0,Sacred Palace,LB_HS,YKLS0,2055_HS.png,,2049_0.png,2055_HS.png,2049.png,1,6,2055,0,0,3:1:100|3:22:450,2:3000148:1,0,,,Vow to obtain,0,lb,hero_lb,4,1,,img_hunsha_bg,0
102055200,102,0,0,Ice and Snow,LB_UR,YKLS0,2055_UR.png,,2049_0.png,2055_UR.png,2049.png,1,6,2055,0,0,3:1:100|3:22:450,6,0,,,Divine Awakening,0,lb_ur,hero_lb_ur,4,1,ShenNvQiSuo,img_job_bg_1,0
102055300,102,0,0,Glacier Shadow - Frost Dragon,LB_UR_PLUS,YKLS0,2055_UR_PLUS.png,,2049_0.png,2055_UR_PLUS.png,2049.png,1,6,2055,0,0,3:1:100|3:22:450,8,0,,,Wonder Waken,0,lb_ur,hero_lb_ur,4,1,ShenNvQiSuo,img_job_bg_1,1
102056000,0,0,0,Ember Dragon,LH0,YKLS0,2056_0.png,,2049_0.png,2056.png,2049.png,0,2,2056,1,0,0,0,0,,111|1,Default,0,lh,hero_lh,4,1,RanShaoLianYu,img_job_bg_1,0
102056001,104,0,0,Sacred Palace,LH_HS,YKLS0,2056_HS.png,,2049_0.png,2056_HS.png,2049.png,1,6,2056,0,0,3:1:100|3:22:450,2:3000148:1,0,,,Vow to obtain,0,lh,hero_lh,4,1,,img_hunsha_bg,0
102056200,102,0,0,Incinerate the Sky,LH_UR,YKLS0,2056_UR.png,,2049_0.png,2056_UR.png,2049.png,1,6,2056,0,0,3:1:100|3:22:450,6,0,,,Divine Awakening,0,lh_ur,hero_lh_ur,4,1,RanShaoLianYu,img_job_bg_1,0
102056300,102,0,0,Charming Party - Ember Dragon,LH_UR_PLUS,YKLS0,2056_UR_PLUS.png,,2049_0.png,2056_UR_PLUS.png,2049.png,1,6,2056,0,0,3:1:100|3:22:450,8,0,,,Wonder Waken,0,lh_ur,hero_lh_ur,4,1,RanShaoLianYu,img_job_bg_1,1
102057000,0,0,0,Storm Dragon,LL0,YKLS0,2057_0.png,,2049_0.png,2057.png,2049.png,0,2,2057,1,0,0,0,0,,111|1,Default,0,ll,hero_ll,4,1,KunLunTianGong,img_job_bg_1,0
102057001,104,0,0,Sacred Palace,LL_HS,YKLS0,2057_HS.png,,2049_0.png,2057_HS.png,2049.png,1,6,2057,0,0,3:1:100|3:22:450,2:3000148:1,0,,,Vow to obtain,0,ll,hero_ll,4,1,,img_hunsha_bg,0
102057200,102,0,0,Lightning Speed,LL_UR,YKLS0,2057_UR.png,,2049_0.png,2057_UR.png,2049.png,1,6,2057,0,0,3:1:100|3:22:450,6,0,,,Divine Awakening,0,ll_ur,hero_ll_ur,4,1,KunLunTianGong,img_job_bg_1,0
102057300,102,0,0,Graceful Wind - Storm Dragon,LL_UR_PLUS,YKLS0,2057_UR_PLUS.png,,2049_0.png,2057_UR_PLUS.png,2049.png,1,6,2057,0,0,3:1:100|3:22:450,8,0,,,Wonder Waken,0,ll_ur,hero_ll_ur,4,1,KunLunTianGong,img_job_bg_1,1
102059000,0,0,0,Zodiac Ox,CN0,YKLS0,2059_0.png,,2049_0.png,2059.png,2049.png,0,2,2059,1,0,0,0,0,,111|1,Default,0,cn,hero_cn,4,1,ShouErQingDian,img_job_bg_1,0
102060000,0,0,0,Freyja,FLY0,YKLS0,2060_0.png,,2049_0.png,2060.png,2049.png,0,2,2060,1,0,0,0,0,,111|1,Default,0,fly,hero_fly,4,1,PanDuoLaShenMiao,img_job_bg_1,0
102060001,105,0,0,Freyja,FLY1,YKLS0,2060_1.png,,2049_0.png,2060_1.png,2049.png,0,5,2060,0,0,3:1:70|3:22:90,2:2000011:40,0,,,Exchange,1,fly,hero_fly,4,1,PanDuoLaShenMiao,img_job_bg_1,0
102060002,103,0,0,Freyja,FLY2,YKLS0,2060_2.png,,2049_0.png,2060_2.png,2049.png,0,6,2060,0,0,3:1:100|3:22:450,2:3000031:1,0,,,Exchange,1,fly,hero_fly,4,1,PanDuoLaShenMiao,img_job_bg_1,0
102060003,104,0,0,Sacred Palace,FLY_HS,YKLS0,2060_HS.png,,2049_0.png,2060_HS.png,2049.png,1,6,2060,0,0,3:1:100|3:22:450,2:3000148:1,0,,,Vow to obtain,0,fly,hero_fly,4,1,,img_hunsha_bg,0
102060200,102,0,0,Dazzling Starlight-Freyja,FLY_UR,YKLS0,2060_UR.png,,2049_0.png,2060_UR.png,2049.png,1,6,2060,0,0,3:1:100|3:22:450,6,0,,,Divine Awakening,0,fly_ur,hero_fly_ur,4,1,PanDuoLaShenMiao,img_job_bg_1,0
102060300,102,0,0,Starry Fantasy - Freyja,FLY_UR_PLUS,YKLS0,2060_UR_PLUS.png,,2049_0.png,2060_UR_PLUS.png,2049.png,1,6,2060,0,0,3:1:100|3:22:450,8,0,,,Wonder Waken,0,fly_ur,hero_fly_ur,4,1,PanDuoLaShenMiao,img_job_bg_1,1
102058000,0,0,0,Nekomata,MY0,YKLS0,2058_0.png,,2049_0.png,2058.png,2049.png,0,2,2058,1,0,0,0,0,,111|1,Default,0,my,hero_my,4,1,,img_job_bg_4,0
102061000,0,0,0,Kingyo,JYJ0,YKLS0,2061_0.png,,2049_0.png,2061.png,2049.png,0,2,2061,1,0,0,0,0,,111|1,Default,0,jyj,hero_jyj,4,1,PanDuoLaShenMiao,img_job_bg_1,0
102062000,0,0,0,Princess Kaguya,HYJ0,YKLS0,2062_0.png,,2049_0.png,2062.png,2049.png,0,2,2062,1,0,0,0,0,,111|1,Default,0,hyj,hero_hyj,4,1,YueDuShenShe,img_job_bg_2,0
102063000,0,0,0,Sim Cheong,SQE0,YKLS0,2063_0.png,,2049_0.png,2063.png,2049.png,0,2,2063,1,0,0,0,0,,111|1,Default,0,sqe,hero_sqe,4,1,ShenNvQiSuo,img_job_bg_1,0
102063001,105,0,0,Sim Cheong,SQE1,YKLS0,2063_1.png,,2049_0.png,2063_1.png,2049.png,0,5,2063,0,0,3:1:70|3:22:90,2:2000011:40,0,,,Exchange,0,sqe,hero_sqe,4,1,ShenNvQiSuo,img_job_bg_1,0
102063002,103,0,0,Sim Cheong,SQE2,YKLS0,2063_2.png,,2049_0.png,2063_2.png,2049.png,0,6,2063,0,0,3:1:100|3:22:450,2:3000031:1,0,,,Exchange,1,sqe,hero_sqe,4,1,ShenNvQiSuo,img_job_bg_1,0
102063003,104,0,0,Sacred Palace,SQE_HS,YKLS0,2063_HS.png,,2049_0.png,2063_HS.png,2049.png,1,6,2063,0,0,3:1:100|3:22:450,2:3000148:1,0,,,Vow to obtain,0,sqe,hero_sqe,4,1,,img_hunsha_bg,0
102063200,102,0,0,True Love Guardian,SQE_UR,YKLS0,2063_UR.png,,2049_0.png,2063_UR.png,2049.png,1,6,2063,0,0,3:1:100|3:22:450,6,0,,,Divine Awakening,0,sqe,hero_sqe,4,1,ShenNvQiSuo,img_job_bg_1,0
102063300,102,0,0,Floating Lotus - Sim Cheong,SQE_UR_PLUS,YKLS0,2063_UR_PLUS.png,,2049_0.png,2063_UR_PLUS.png,2049.png,1,6,2063,0,0,3:1:100|3:22:450,8,0,,,Wonder Waken,0,sqe,hero_sqe,4,1,ShenNvQiSuo,img_job_bg_1,1
102065000,0,0,0,Gemini,YWJ0,YKLS0,2065_0.png,,2049_0.png,2065.png,2049.png,0,2,2065,1,0,0,0,0,,111|1,Default,0,ywj,hero_ywj,4,1,KunLunTianGong,img_job_bg_1,0
102065001,104,0,0,Sacred Palace,YWJ_HS,YKLS0,2065_HS.png,,2049_0.png,2065_HS.png,2049.png,1,6,2065,0,0,3:1:100|3:22:450,2:3000148:1,0,,,Vow to obtain,0,ywj,hero_ywj,4,1,,img_hunsha_bg,0
102065200,102,0,0,Dimension Breaker-Gemini,YWJ_UR,YKLS0,2065_UR.png,,2049_0.png,2065_UR.png,2049.png,1,6,2065,0,0,3:1:100|3:22:450,6,0,,,Divine Awakening,0,ywj_ur,hero_ywj,4,1,KunLunTianGong,img_job_bg_1,0
102065300,102,0,0,Oceanic Reverie - Gemini,YWJ_UR_PLUS,YKLS0,2065_UR_PLUS.png,,2049_0.png,2065_UR_PLUS.png,2049.png,1,6,2065,0,0,3:1:100|3:22:450,8,0,,,Wonder Waken,0,ywj_ur,hero_ywj,4,1,KunLunTianGong,img_job_bg_1,1
102067000,0,0,0,Chang'e,CE0,YKLS0,2067_0.png,,2049_0.png,2067.png,2049.png,0,2,2067,1,0,0,0,0,,111|1,Default,0,ce,hero_ce,4,1,NvWaQinGong,img_job_bg_1,0
102067001,105,0,0,Chang'e,CE1,YKLS0,2067_1.png,,2049_0.png,2067_1.png,2049.png,0,5,2067,0,0,3:1:70|3:22:90,2:2000011:40,0,,,Exchange,0,ce,hero_ce,4,1,ShenNvQiSuo,img_job_bg_1,0
102067002,103,0,0,Chang'e,CE2,YKLS0,2067_2.png,,2049_0.png,2067_2.png,2049.png,0,6,2067,0,0,3:1:100|3:22:450,2:3000031:1,0,,,Exchange,1,ce,hero_ce,4,1,ShenNvQiSuo,img_job_bg_1,0
102067003,104,0,0,Sacred Palace,CE_HS,YKLS0,2067_HS.png,,2049_0.png,2067_HS.png,2049.png,1,6,2067,0,0,3:1:100|3:22:450,2:3000148:1,0,,,Vow to obtain,0,ce,hero_ce,4,1,,img_hunsha_bg,0
102067200,102,0,0,Shadowless Moonlight-Chang'e,CE_UR,YKLS0,2067_UR.png,,2049_0.png,2067_UR.png,2049.png,1,6,2067,0,0,3:1:100|3:22:450,6,0,,,Divine Awakening,0,ce_ur,hero_ce_ur,4,1,NvWaQinGong,img_job_bg_1,0
102067300,102,0,0,Garden Strolling - Chang'e,CE_UR_PLUS,YKLS0,2067_UR_PLUS.png,,2049_0.png,2067_UR_PLUS.png,2049.png,1,6,2067,0,0,3:1:100|3:22:450,8,0,,,Wonder Waken,0,ce_ur,hero_ce_ur,4,1,NvWaQinGong,img_job_bg_1,1
102067400,103,1,0,Lunar Radiance,CE3,YKLS0,2067_3.png,,2049_0.png,2067_3.png,2049.png,1,6,2067,0,0,3:1:100|3:22:450,5:10043:10044,0,,,Buy,0,ce,hero_ce,4,1,ShenNvQiSuo,img_job_bg_1,0
102068000,0,0,0,Asura,AXL0,YKLS0,2068_0.png,,2049_0.png,2068.png,2049.png,0,2,2068,1,0,0,0,0,,111|1,Default,0,axl,hero_axl,4,1,XieShenCangShenChu,img_job_bg_1,0
102068001,105,0,0,Asura,AXL1,YKLS0,2068_1.png,,2049_0.png,2068_1.png,2049.png,0,4,2068,0,0,3:1:50|3:22:60,2:2000010:50,0,,,Exchange,0,axl,hero_axl,4,1,XieShenCangShenChu,img_job_bg_1,0
102068002,105,0,0,Asura,AXL2,YKLS0,2068_2.png,,2049_0.png,2068_2.png,2049.png,0,5,2068,0,0,3:1:70|3:22:90,2:2000011:40,0,,,Exchange,1,axl,hero_axl,4,1,XieShenCangShenChu,img_job_bg_1,0
102068003,103,0,0,Asura,AXL3,YKLS0,2068_3.png,,2049_0.png,2068_3.png,2049.png,0,6,2068,0,0,3:1:100|3:22:450,2:3000031:1,0,,,Exchange,1,axl,hero_axl,4,1,XieShenCangShenChu,img_job_bg_1,0
102068004,104,0,0,Sacred Palace,AXL_HS,YKLS0,2068_HS.png,,2049_0.png,2068_HS.png,2049.png,1,6,2068,0,0,3:1:100|3:22:450,2:3000148:1,0,,,Vow to obtain,0,axl,hero_axl,4,1,,img_hunsha_bg,0
102068200,102,0,0,Master of Their Own Destiny-Asura,AXL_UR,YKLS0,2068_UR.png,,2049_0.png,2068_UR.png,2049.png,1,6,2068,0,0,3:1:100|3:22:450,6,0,,,Divine Awakening,0,axl_ur,hero_axl_ur,4,1,XieShenCangShenChu,img_job_bg_1,0
102068300,102,0,0,Eternal Fiend - Asura,AXL_UR_PLUS,YKLS0,2068_UR_PLUS.png,,2049_0.png,2068_UR_PLUS.png,2049.png,1,6,2068,0,0,3:1:100|3:22:450,8,0,,,Wonder Waken,0,axl_ur,hero_axl_ur,4,1,XieShenCangShenChu,img_job_bg_1,1
102069000,0,0,0,Athena,YDN0,YKLS0,2069_0.png,,2049_0.png,2069.png,2049.png,0,2,2069,1,0,0,0,0,,111|1,Default,0,ydn,hero_ydn,4,1,PanDuoLaShenMiao,img_job_bg_1,0
102069001,104,0,0,Sacred Palace,YDN_HS,YKLS0,2069_HS.png,,2049_0.png,2069_HS.png,2049.png,1,6,2069,0,0,3:1:100|3:22:450,2:3000148:1,0,,,Vow to obtain,0,ydn,hero_ydn,4,1,,img_hunsha_bg,0
102069200,102,0,0,Divine Glory - Athena,YDN_UR,YKLS0,2069_UR.png,,2049_0.png,2069_UR.png,2049.png,1,6,2069,0,0,3:1:100|3:22:450,6,0,,,Divine Awakening,0,ydn_ur,hero_ydn_ur,4,1,PanDuoLaShenMiao,img_job_bg_1,0
102069300,102,0,0,Wings of War - Athena,YDN_UR_PLUS,YKLS0,2069_UR_PLUS.png,,2049_0.png,2069_UR_PLUS.png,2049.png,1,6,2069,0,0,3:1:100|3:22:450,8,0,,,Wonder Waken,0,ydn_ur,hero_ydn_ur,4,1,PanDuoLaShenMiao,img_job_bg_1,1
102070000,0,0,0,Zodiac Tiger,YH0,YKLS0,2070_0.png,,2049_0.png,2070.png,2049.png,0,2,2070,1,0,0,0,0,,111|1,Default,0,yh,hero_yh,4,1,ShouErQingDian,img_job_bg_1,0
102071000,0,0,0,Capricornus,MJZ0,YKLS0,2071_0.png,,2049_0.png,2071.png,2049.png,0,2,2071,1,0,0,0,0,,111|1,Default,0,mjz,hero_mjz,4,1,KunLunTianGong,img_job_bg_1,0
102071001,105,0,0,Capricornus,MJZ1,YKLS0,2071_1.png,,2049_0.png,2071_1.png,2049.png,0,5,2071,0,0,3:1:70|3:22:90,2:2000011:40,0,,,Exchange,0,mjz,hero_mjz,4,1,KunLunTianGong,img_job_bg_1,0
102071002,103,0,0,Capricornus,MJZ2,YKLS0,2071_2.png,,2049_0.png,2071_2.png,2049.png,0,6,2071,0,0,3:1:100|3:22:450,2:3000031:1,0,,,Exchange,1,mjz,hero_mjz,4,1,KunLunTianGong,img_job_bg_1,0
102071003,104,0,0,Sacred Palace,MJZ_HS,YKLS0,2071_HS.png,,2049_0.png,2071_HS.png,2049.png,1,6,2071,0,0,3:1:100|3:22:450,2:3000148:1,0,,,Vow to obtain,0,mjz,hero_mjz,4,1,,img_hunsha_bg,0
102071200,102,0,0,Zodiac Sacrifice-Capricornus,MJZ_UR,YKLS0,2071_UR.png,,2049_0.png,2071_UR.png,2049.png,1,6,2071,0,0,3:1:100|3:22:450,6,0,,,Divine Awakening,0,mjz_ur,hero_mjz_ur,4,1,KunLunTianGong,img_job_bg_1,0
102071300,102,0,0,Aqua Starlight - Capricorn,MJZ_UR_PLUS,YKLS0,2071_UR_PLUS.png,,2049_0.png,2071_UR_PLUS.png,2049.png,1,6,2071,0,0,3:1:100|3:22:450,8,0,,,Wonder Waken,0,mjz_ur,hero_mjz_ur,4,1,KunLunTianGong,img_job_bg_1,1
103072000,0,0,0,SP Gabriel,WL_SP,YKLS0,3072_0.png,,2049_0.png,3072.png,2049.png,0,100,3072,1,0,0,0,0,,111|1,Default,0,wl_sp,hero_wlsp,4,1,PanDuoLaShenMiao,img_job_bg_1,0
102073000,0,0,0,Pisces,SYZ0,YKLS0,2073_0.png,,2049_0.png,2073.png,2049.png,0,2,2073,1,0,0,0,0,,111|1,Default,0,syz,hero_syz,4,1,ShenNvQiSuo,img_job_bg_1,0
102073001,105,0,0,Pisces,SYZ1,YKLS0,2073_1.png,,2049_0.png,2073_1.png,2049.png,0,5,2073,0,0,3:1:70|3:22:90,2:2000011:40,0,,,Exchange,0,syz,hero_syz,4,1,ShenNvQiSuo,img_job_bg_1,0
102073002,103,0,0,Pisces,SYZ2,YKLS0,2073_2.png,,2049_0.png,2073_2.png,2049.png,0,6,2073,0,0,3:1:100|3:22:450,2:3000031:1,0,,,Exchange,1,syz,hero_syz,4,1,ShenNvQiSuo,img_job_bg_1,0
102073003,104,0,0,Sacred Palace,SYZ_HS,YKLS0,2073_HS.png,,2049_0.png,2073_HS.png,2049.png,1,6,2073,0,0,3:1:100|3:22:450,2:3000148:1,0,,,Vow to obtain,0,syz,hero_syz,4,1,,img_hunsha_bg,0
102073200,102,0,0,Star Ocean Fantasy-Pisces,SYZ_UR,YKLS0,2073_UR.png,,2049_0.png,2073_UR.png,2049.png,1,6,2073,0,0,3:1:100|3:22:450,6,0,,,Divine Awakening,0,syz_ur,hero_syz,4,1,ShenNvQiSuo,img_job_bg_1,0
102073300,102,0,0,Galaxy Dancer - Pisces,SYZ_UR_PLUS,YKLS0,2073_UR_PLUS.png,,2049_0.png,2073_UR_PLUS.png,2049.png,1,6,2073,0,0,3:1:100|3:22:450,8,0,,,Wonder Waken,0,syz_ur,hero_syz,4,1,ShenNvQiSuo,img_job_bg_1,1
102074000,0,0,0,Venus,WNS0,YKLS0,2074_0.png,,2049_0.png,2074.png,2049.png,0,2,2074,1,0,0,0,0,,111|1,Default,0,wns,hero_wns,4,1,PanDuoLaShenMiao,img_job_bg_1,0
102074001,105,0,0,Venus,WNS1,YKLS0,2074_1.png,,2049_0.png,2074_1.png,2049.png,0,5,2074,0,0,3:1:70|3:22:90,2:2000011:40,0,,,Exchange,0,wns,hero_wns,4,1,PanDuoLaShenMiao,img_job_bg_1,0
102074002,103,0,0,Venus,WNS2,YKLS0,2074_2.png,,2049_0.png,2074_2.png,2049.png,0,6,2074,0,0,3:1:100|3:22:450,2:3000031:1,0,,,Exchange,1,wns,hero_wns,4,1,PanDuoLaShenMiao,img_job_bg_1,0
102074200,102,0,0,Love Song-Venus,WNS_UR,YKLS0,2074_UR.png,,2049_0.png,2074_UR.png,2049.png,1,6,2074,0,0,3:1:100|3:22:450,6,0,,,Divine Awakening,0,wns_ur,hero_wns,4,1,PanDuoLaShenMiao,img_job_bg_1,0
102074300,102,0,0,Moonlight Maiden - Venus,WNS_UR_PLUS,YKLS0,2074_UR_PLUS.png,,2049_0.png,2074_UR_PLUS.png,2049.png,1,6,2074,0,0,3:1:100|3:22:450,8,0,,,Wonder Waken,0,wns_ur,hero_wns,4,1,PanDuoLaShenMiao,img_job_bg_1,1
102075000,0,0,0,Zeus,ZS0,YKLS0,2075_0.png,,2049_0.png,2075.png,2049.png,0,2,2075,1,0,0,0,0,,111|1,Default,0,zs,hero_zs,4,1,PanDuoLaShenMiao,img_job_bg_1,0
102075001,104,0,0,Sacred Palace,ZS_HS,YKLS0,2075_HS.png,,2049_0.png,2075_HS.png,2049.png,1,6,2075,0,0,3:1:100|3:22:450,2:3000148:1,0,,,Vow to obtain,0,zs,hero_zs,4,1,,img_hunsha_bg,0
102075200,102,0,0,Supreme Deity- Zeus,ZS_UR,YKLS0,2075_UR.png,,2049_0.png,2075_UR.png,2049.png,1,6,2075,0,0,3:1:100|3:22:450,6,0,,,Divine Awakening,0,zs_ur,hero_zs_ur,4,1,PanDuoLaShenMiao,img_job_bg_1,0
102075300,102,0,0,Carefree Enchantment - Zeus,ZS_UR_PLUS,YKLS0,2075_UR_PLUS.png,,2049_0.png,2075_UR_PLUS.png,2049.png,1,6,2075,0,0,3:1:100|3:22:450,8,0,,,Wonder Waken,0,zs_ur,hero_zs_ur,4,1,PanDuoLaShenMiao,img_job_bg_1,1
102076000,0,0,0,Loki,LJ0,YKLS0,2076_0.png,,2049_0.png,2076.png,2049.png,0,2,2076,1,0,0,0,0,,111|1,Default,0,lj,hero_lj,4,1,PanDuoLaShenMiao,img_job_bg_1,0
102076001,104,0,0,Sacred Palace,LJ_HS,YKLS0,2076_HS.png,,2049_0.png,2076_HS.png,2049.png,1,6,2076,0,0,3:1:100|3:22:450,2:3000148:1,0,,,Vow to obtain,0,lj,hero_lj,4,1,,img_hunsha_bg,0
102076200,102,0,0,Sweetheart Always - Loki,LJ_UR,YKLS0,2076_UR.png,,2049_0.png,2076_UR.png,2049.png,1,6,2076,0,0,3:1:100|3:22:450,6,0,,,Divine Awakening,0,lj_ur,hero_lj_ur,4,1,PanDuoLaShenMiao,img_job_bg_1,0
102076300,102,0,0,Bubble Love-Loki,LJ_UR_PLUS,YKLS0,2076_UR_PLUS.png,,2049_0.png,2076_UR_PLUS.png,2049.png,1,6,2076,0,0,3:1:100|3:22:450,8,0,,,Wonder Waken,0,lj_ur,hero_lj_ur,4,1,PanDuoLaShenMiao,img_job_bg_1,1
102077000,0,0,0,Thor,SE0,YKLS0,2077_0.png,,2049_0.png,2077.png,2049.png,0,2,2077,1,0,0,0,0,,111|1,Default,0,se,hero_se,4,1,PanDuoLaShenMiao,img_job_bg_1,0
102077001,104,0,0,Sacred Palace,SE_HS,YKLS0,2077_HS.png,,2049_0.png,2077_HS.png,2049.png,1,6,2077,0,0,3:1:100|3:22:450,2:3000148:1,0,,,Vow to obtain,0,se,hero_se,4,1,,img_hunsha_bg,0
102077200,102,0,0,Flesh of the Thunder-Thor,SE_UR,YKLS0,2077_UR.png,,2049_0.png,2077_UR.png,2049.png,1,6,2077,0,0,3:1:100|3:22:450,6,0,,,Divine Awakening,0,se_ur,hero_se_ur,4,1,PanDuoLaShenMiao,img_job_bg_1,0
102077300,102,0,0,Winterland Lord - Thor,SE_UR_PLUS,YKLS0,2077_UR_PLUS.png,,2049_0.png,2077_UR_PLUS.png,2049.png,1,6,2077,0,0,3:1:100|3:22:450,8,0,,,Wonder Waken,0,se_ur,hero_se_ur,4,1,PanDuoLaShenMiao,img_job_bg_1,1
102078000,0,0,0,Apollo,ABL0,YKLS0,2078_0.png,,2049_0.png,2078.png,2049.png,0,2,2078,1,0,0,0,0,,111|1,Default,0,abl,hero_abl,4,1,RanShaoLianYu,img_job_bg_1,0
102078200,102,0,0,Light Ruler-Apollo,ABL_UR,YKLS0,2078_UR.png,,2049_0.png,2078_UR.png,2049.png,1,6,2078,0,0,3:1:100|3:22:450,6,0,,,Divine Awakening,0,abl_ur,hero_abl_ur,4,1,RanShaoLianYu,img_job_bg_1,0
102078300,102,0,0,Luminous Lyre-Apollo,ABL_UR_PLUS,YKLS0,2078_UR_PLUS.png,,2049_0.png,2078_UR_PLUS.png,2049.png,1,6,2078,0,0,3:1:100|3:22:450,8,0,,,Wonder Waken,0,abl_ur,hero_abl_ur,4,1,RanShaoLianYu,img_job_bg_1,1
102079000,0,0,0,Sakura Spirit,YHY0,YKLS0,2079_0.png,,2049_0.png,2079.png,2049.png,0,2,2079,1,0,0,0,0,,111|1,Default,0,yhy,hero_yhy,4,1,ShenNvQiSuo,img_job_bg_1,0
102080000,0,0,0,Zodiac Rabbit,MT0,YKLS0,2080_0.png,,2049_0.png,2080.png,2049.png,0,2,2080,1,0,0,0,0,,111|1,Default,0,mt,hero_mt,4,1,ShouErQingDian,img_job_bg_1,0
102081000,0,0,0,Horus,HLS0,YKLS0,2081_0.png,,2049_0.png,2081.png,2049.png,0,2,2081,1,0,0,0,0,,111|1,Default,0,hls,hero_hls,4,1,RanShaoLianYu,img_job_bg_1,0
102081200,102,0,0,Radiance of Truth - Horus,HLS_UR,YKLS0,2081_UR.png,,2049_0.png,2081_UR.png,2049.png,1,6,2081,0,0,3:1:100|3:22:450,6,0,,,Divine Awakening,0,hls_ur,hero_hls,4,1,RanShaoLianYu,img_job_bg_1,0
102081300,102,0,0,Twilight Divinity - Horus,HLS_UR_PLUS,YKLS0,2081_UR_PLUS.png,,2049_0.png,2081_UR_PLUS.png,2049.png,1,6,2081,0,0,3:1:100|3:22:450,8,0,,,Wonder Waken,0,hls_ur,hero_hls,4,1,RanShaoLianYu,img_job_bg_1,1
102082000,0,0,0,Frigga,FLJ0,YKLS0,2082_0.png,,2049_0.png,2082.png,2049.png,0,2,2082,1,0,0,0,0,,111|1,Default,0,flj,hero_flj,4,1,RanShaoLianYu,img_job_bg_1,0
102082200,102,0,0,Sapphire Bloom - Frigga,FLJ_UR,YKLS0,2082_UR.png,,2049_0.png,2082_UR.png,2049.png,1,6,2082,0,0,3:1:100|3:22:450,6,0,,,Divine Awakening,0,flj_ur,hero_flj,4,1,RanShaoLianYu,img_job_bg_1,0
102082300,102,0,0,Blush Fantasy - Frigga,FLJ_UR_PLUS,YKLS0,2082_UR_PLUS.png,,2049_0.png,2082_UR_PLUS.png,2049.png,1,6,2082,0,0,3:1:100|3:22:450,8,0,,,Wonder Waken,0,flj_ur,hero_flj,4,1,RanShaoLianYu,img_job_bg_1,1
102083000,0,0,0,Ares,ARS0,YKLS0,2083_0.png,,2049_0.png,2083.png,2049.png,0,2,2083,1,0,0,0,0,,111|1,Default,0,ars,hero_ars,4,1,PanDuoLaShenMiao,img_job_bg_1,0
102083200,102,0,0,Pyroblade Maiden - Ares,ARS_UR,YKLS0,2083_UR.png,,2049_0.png,2083_UR.png,2049.png,1,6,2083,0,0,3:1:100|3:22:450,6,0,,,Divine Awakening,0,ars_ur,hero_ars_ur,4,1,PanDuoLaShenMiao,img_job_bg_1,0
102083300,102,0,0,Lounge Lady - Ares,ARS_UR_PLUS,YKLS0,2083_UR_PLUS.png,,2049_0.png,2083_UR_PLUS.png,2049.png,1,6,2083,0,0,3:1:100|3:22:450,8,0,,,Wonder Waken,0,ars_ur,hero_ars_ur,4,1,PanDuoLaShenMiao,img_job_bg_1,1
102084200,0,0,0,Uriel,WLE_UR,HL0,2084_UR.png,,2039_0.png,2084_UR.png,2039.png,1,6,2084,1,0,3:1:100|3:22:450,0,0,,111|1,Default,0,wle_ur,hero_wle,4,1,PanDuoLaShenMiao,img_job_bg_1,0
102084300,102,0,0,Shadow Fragrance - Uriel,WLE_UR_PLUS,HL0,2084_UR_PLUS.png,,2039_0.png,2084_UR_PLUS.png,2039.png,1,6,2084,0,0,3:1:100|3:22:450,8,0,,,Wonder Waken,0,wle_ur,hero_wle,4,1,PanDuoLaShenMiao,img_job_bg_1,1
102084368,102,0,0,Passionate Night - Uriel,WLE_MR,HL0,2084_MR.png,,2039_0.png,2084_MR.png,2039.png,1,6,2084,0,0,3:1:100|3:22:450,9,0,,,Wonder Waken,0,wle_ur,hero_wle,4,1,PanDuoLaShenMiao,img_job_bg_1,1
